-- Schema
CREATE DATABASE IF NOT EXISTS `plant_service`;
USE `plant_service`; 

-- Tables
CREATE TABLE IF NOT EXISTS `cities` 
(
	`id` INT(11) AUTO_INCREMENT PRIMARY KEY,
	`name` varchar(30) NOT NULL,
	`country_name` varchar(80) NOT NULL
); 
CREATE TABLE IF NOT EXISTS `users` 
(
	`id` INT(11) AUTO_INCREMENT PRIMARY KEY,
	`username` varchar(50) NOT NULL UNIQUE,
	`password` varchar(255) NOT NULL,
	`first_name` varchar(50) NOT NULL ,
	`last_name` varchar(50)   ,
	`age` INT(11) NOT NULL,
	`money` decimal(15,2) NOT NULL ,
	`city_id` INT(11)  NOT NULL,
	`register_date` DATE NOT NULL,
	CONSTRAINT `fk_users_cities` FOREIGN KEY(`city_id`) REFERENCES cities(id)
);
CREATE TABLE IF NOT EXISTS `orders` 
(
	`id` INT(11) AUTO_INCREMENT primary key,
	`user_id` INT(11)  NOT NULL,
	`order_date` DATE NOT NULL,
	`is_completed` TINYINT(1) DEFAULT FALSE,
	CONSTRAINT `fk_orders_users` FOREIGN KEY(`user_id`) REFERENCES users(id)
);
CREATE TABLE IF NOT EXISTS `plants` 
(
	`id` INT(11) AUTO_INCREMENT primary key,
	`name` varchar(50) NOT NULL,
	`price` decimal(15,2) NOT NULL ,
	`color` varchar(50) ,
	`quantity` INT(11) DEFAULT 0
); 
CREATE TABLE IF NOT EXISTS `info_plants` 
(
	`id` INT(11) AUTO_INCREMENT primary key,
	`plant_id` INT(11) NOT NULL UNIQUE,
	`family` varchar(50) NOT NULL,
	`genus`  varchar(40) NOT NULL,
	`purpose`  varchar(60),
	CONSTRAINT `fk_info_plants_plants` FOREIGN KEY(`plant_id`) REFERENCES plants(id)
);
CREATE TABLE IF NOT EXISTS plants_orders 
(
	`plant_id` INT(11)  NOT NULL ,
	`order_id` INT(11) NOT NULL ,
	CONSTRAINT `pk_plants_orders` PRIMARY KEY(`plant_id`,`order_id`),
	CONSTRAINT `fk_plants_orders_plants` FOREIGN KEY(`plant_id`) REFERENCES plants(id),
	CONSTRAINT `fk_plants_orders_orders` FOREIGN KEY(`order_id`) REFERENCES orders(id)
);

-- Data
INSERT INTO cities (id, name, country_name) VALUES
(1, 'Sofia', 'Bulgaria'),
(2, 'Mezdra', 'Bulgaria'),
(3, 'Varna', 'Bulgaria'),
(4, 'Burgas', 'Bulgaria'),
(5, 'Russianited Statese', 'Bulgaria'),
(6, 'Stara Zagora', 'Bulgaria'),
(7, 'Pleven', 'Bulgaria'),
(8, 'Dobrich', 'Bulgaria'),
(9, 'Sliven', 'Bulgaria'),
(10, 'Shumen', 'Bulgaria'),
(11, 'Pernik', 'Bulgaria'),
(12, 'Haskovo', 'Bulgaria'),
(13, 'Yambol', 'Bulgaria'),
(14, 'Pazardzhik', 'Bulgaria'),
(15, 'Blagoevgrad', 'Bulgaria'),
(16, 'Veliko Tarnovo', 'Bulgaria'),
(17, 'Vratsa', 'Bulgaria'),
(18, 'Gabrovo', 'Bulgaria'),
(19, 'London', 'United Kingdom'),
(20, 'Birmingham', 'United Kingdom'),
(21, 'Glasgow', 'United Kingdom'),
(22, 'Leeds', 'United Kingdom'),
(23, 'Bristol', 'United Kingdom'),
(24, 'Liverpool', 'United Kingdom'),
(25, 'Manchester', 'United Kingdom'),
(26, 'Sheffield', 'United Kingdom'),
(27, 'Edinburgh', 'United Kingdom'),
(28, 'Cardiff', 'United Kingdom'),
(29, 'Leicester', 'United Kingdom'),
(30, 'Bradford', 'United Kingdom'),
(31, 'Coverntry', 'United Kingdom'),
(32, 'Nottingham', 'United Kingdom'),
(33, 'Belfast', 'United Kingdom'),
(34, 'Sunderland', 'United Kingdom'),
(35, 'Brighton', 'United Kingdom'),
(36, 'Derby', 'United Kingdom'),
(37, 'Plymouth', 'United Kingdom'),
(38, 'Wolverhampton', 'United Kingdom'),
(39, 'New York', 'United States'),
(40, 'Los Angeles', 'United States'),
(41, 'Chicago', 'United States'),
(42, 'HoUnited Stateston', 'United States'),
(43, 'Phoenix', 'United States'),
(44, 'Philadelphia', 'United States'),
(45, 'San Antonio', 'United States'),
(46, 'San Diego', 'United States'),
(47, 'Dallas', 'United States'),
(48, 'San Jose', 'United States'),
(49, 'AUnited Statestin', 'United States'),
(50, 'Jacksonville', 'United States'),
(51, 'San Francisco', 'United States'),
(52, 'ColumbUnited States', 'United States'),
(53, 'Fort Worth', 'United States'),
(54, 'Indianapolis', 'United States'),
(55, 'Charlotte', 'United States'),
(56, 'Seattle', 'United States'),
(57, 'Denver', 'United States'),
(58, 'Washington', 'United States'),
(59, 'Moscow', 'Russia'),
(60, 'Saint Petersburg', 'Russia'),
(61, 'Novosibirsk', 'Russia'),
(62, 'Yekaterinburg', 'Russia'),
(63, 'Nizhny Novgorod', 'Russia'),
(64, 'Kazan', 'Russia'),
(65, 'Chelyabinsk', 'Russia'),
(66, 'Omsk', 'Russia'),
(67, 'Samara', 'Russia'),
(68, 'Rostov-on-Don', 'Russia'),
(69, 'Ufa', 'Russia'),
(70, 'Krasnoyarsk', 'Russia'),
(71, 'Perm', 'Russia'),
(72, 'Voronezh', 'Russia'),
(73, 'Volgograd', 'Russia'),
(74, 'Krasnodar', 'Russia'),
(75, 'Saratov', 'Russia'),
(76, 'Tyumen', 'Russia'),
(77, 'Tolyatti', 'Russia'),
(78, 'Izhevsk', 'Russia'),
(79, 'Berlin', 'Germany'),
(80, 'Hamburg', 'Germany'),
(81, 'Munich', 'Germany'),
(82, 'Koln', 'Germany'),
(83, 'Frankfurt', 'Germany'),
(84, 'Stuttgart', 'Germany'),
(85, 'Düsseldorf', 'Germany'),
(86, 'Dortmund', 'Germany'),
(87, 'Essen', 'Germany'),
(88, 'Leipzig', 'Germany'),
(89, 'Bremen', 'Germany'),
(90, 'Dresden', 'Germany'),
(91, 'Hanover', 'Germany'),
(92, 'Nuremberg', 'Germany'),
(93, 'Duisburg', 'Germany'),
(94, 'Bochum', 'Germany'),
(95, 'Wuppertal', 'Germany'),
(96, 'Banner', 'Germany'),
(97, 'Bonn', 'Germany'),
(98, 'Münster', 'Germany'),
(99, 'Karlsruhe', 'Germany'),
(100, 'Mannheim', 'Germany'),
(101, 'Augsburg', 'Germany'),
(102, 'Wiesbaden', 'Germany'),
(103, 'Gelsenkirchen', 'Germany'),
(104, 'Mönchengladbach', 'Germany'),
(105, 'Braunschweig', 'Germany'),
(106, 'Chemnitz', 'Germany'),
(107, 'Kiel', 'Germany'),
(108, 'Aachen', 'Germany'),
(109, 'Halle', 'Germany'),
(110, 'Magdeburg', 'Germany'),
(111, 'Freiburg im Breisgau', 'Germany'),
(112, 'Krefeld', 'Germany'),
(113, 'Lübeck', 'Germany'),
(114, 'Oberhausen', 'Germany'),
(115, 'Erfurt', 'Germany'),
(116, 'Mainz', 'Germany'),
(117, 'Rostock', 'Germany'),
(118, 'Kassel', 'Germany'),
(119, 'Hagen', 'Germany'),
(120, 'Hamm', 'Germany'),
(121, 'Saarbrücken', 'Germany'),
(122, 'Mülheim an der Ruhr', 'Germany'),
(123, 'Potsdam', 'Germany'),
(124, 'Ludwigshafen am Rhein', 'Germany'),
(125, 'Oldenburg', 'Germany'),
(126, 'Leverkusen', 'Germany'),
(127, 'Osnabrück', 'Germany'),
(128, 'Solingen', 'Germany');

INSERT INTO users (id, username, password, first_name, last_name, age, money, city_id, register_date) VALUES 
(1, 'egrishinov0', '76d2e7c7ec0c443d7753323eecf38cdba8b9727c2ad70bb666fde70d5e7f6e17', 'Elsinore', 'Grishinov', 28, 2674.2, 81, '2011-07-06 17:26:42'),
(2, 'pcud1', '05447a9876c5e1b6fbdd878bce52be64e191c97abc9e1a456976251b675d1fa7', 'Padraig', 'Cud', 53, 2195.99, 90, '2012-08-17 19:36:06'),
(3, 'aguitton2', '955aa37cec979b6c26bd35684fbf77647bb7918834dbd604e07484ebaf0a905c', 'Aldus', 'Guitton', 55, 4697.52, 7, '2017-11-04 17:17:06'),
(4, 'tcockerton3', 'f4df959483fa0f38a813ffe97a533fa1f0b38e552d0db21493471113bd2ba4e5', 'Tommie', 'Cockerton', 52, 980.61, 54, '2013-12-12 07:56:42'),
(5, 'ogoulborne4', '882da51b73f701cb652a2cd79ddfcdd2e50b871e932c30f86776ee30da25f97e', 'Orsa', 'Goulborne', 27, 820.16, 33, '2010-12-29 14:44:16'),
(6, 'llapham5', '57c1015ce7b721536d806b9361edd166abc3fbba99bb4dfe4495d6dd1caeb50a', 'Leigha', 'Lapham', 33, 2621.73, 89, '2011-05-27 05:19:35'),
(7, 'slugden6', '58029e4774a1ce43851f3e7ea0b974957d42f8691a1bb89c306cbeed2753ce64', 'Salome', 'Lugden', 62, 1881.88, 49, '2011-01-30 12:47:37'),
(8, 'kbainbridge7', '666e6d4bbe4be4b146247dbe66b17dde884a7ef806ba5f0fdb6c910f42a6f1db', 'Kerby', 'Bainbridge', 73, 847.28, 104, '2017-10-14 13:12:21'),
(9, 'ktiffany8', 'd97c140aff9218974aa0106f88780ea7670204cc3cee791426fc19c6557a56d9', 'Kyle', 'Tiffany', 72, 1328.33, 5, '2016-12-18 13:31:34'),
(10, 'lcuniffe9', 'd6fc7f2e7ca5c4f6836c8bc0812c8917e4db6923887c704d2eeb7d5e74e2d8dd', 'Loydie', 'Cuniffe', 22, 228.14, 35, '2018-06-17 12:08:34'),
(11, 'ebrachera', '7eb2d26ae1f40ac12eafcc8936639e3464f8ba4b3b2f08f859b78634e441d4ee', 'Elva', 'Bracher', 46, 2265.88, 31, '2014-02-18 00:53:37'),
(12, 'gcoodeb', '598b7b36623e03c0922e617309031abd6e85ad43940862c305fe9df600e2c4e4', 'Gillan', null, 48, 1064.84, 30, '2016-04-27 19:09:57'),
(13, 'sodegaardc', '2882116b68c68d8260598572ce16d2d2373aa2fa338f1e8fbf03903cf8e52173', 'Sayre', 'Odegaard', 77, 1340.18, 69, '2017-03-02 05:24:18'),
(14, 'acaldeirod', 'f4ad4af408e60778fe6d78c336427f249e3417b6a9b0eb2d294c8e5f100582f8', 'Amabel', 'Caldeiro', 21, 686.01, 113, '2013-11-19 09:41:16'),
(15, 'rlespere', '2766866b6045706b94a6e00addb181b7fd6142afc3e9d687567b66dbdf633897', 'Raeann', 'Lesper', 69, 1575.31, 12, '2014-02-07 15:10:54'),
(16, 'gilyinykhf', 'a1f37a47129eb4822f04678a59a1f094363600e45b211578f41f4a149ff47d48', 'Grazia', 'Ilyinykh', 73, 4494.43, 53, '2017-01-09 01:27:34'),
(17, 'hmcgaughayg', '0f8cf6a6d31a530ecfbab10677133836412e9c410b21a8d6bbc4c3f5fbb07f2e', 'Harriett', 'McGaughay', 54, 2894.94, 10, '2015-04-24 15:59:26'),
(18, 'cgirlingh', 'b6f048e50bed32ba20d2898392cb68b3fd6521253ee725bcedeccc013c723610', 'Catrina', 'Girling', 43, 3017.39, 52, '2015-03-12 05:01:48'),
(19, 'vsijmonsi', '73553d8d44cab441f448bf72404e8eab24f55f489008c68bd5ebb8e51ec1b338', 'Violante', 'Sijmons', 27, 112.37, 57, '2010-12-10 07:45:17'),
(20, 'esinnockej', '2544983be294a3326b643867db648090dfdf8c2970b96aea7b0f380b60c53e6f', 'Estell', null, 68, 1897.09, 58, '2010-05-06 14:10:07'),
(21, 'sdollink', '4386c6c442fce0226ff84ad2d3d95e0124529248de173c19d2fe4ab2337ca198', 'Spencer', 'Dollin', 29, 4280.23, 66, '2016-11-15 07:48:33'),
(22, 'gdolbyl', '8de060173e892b0020702bd614c0594f310768223be5396d72391b7e74264d3d', 'Genovera', 'Dolby', 61, 1406.22, 115, '2010-05-06 00:18:36'),
(23, 'jlevertonm', '854d28a99fe1c6d4c05077976a7f39fb97a0ea07b396663c302de457577defa3', 'Jamima', 'Leverton', 61, 1400.14, 83, '2012-08-15 03:02:55'),
(24, 'jpeersn', 'cfa9e847c7c0315a8c19e275f3f5594aaa19a1ec8e310b25ca5f0fea67061781', 'Jacenta', 'Peers', 55, 4145.83, 101, '2013-06-07 05:53:38'),
(25, 'tmaccaugheyo', '90639730fc432ec61f23ed5b75226a0836fa2732bead3e34ff228437e0887b7c', 'Timotheus', 'MacCaughey', 27, 731.66, 33, '2018-06-12 19:49:37'),
(26, 'lkleinstubp', 'e47d3558ed46167b556af4c857a74daf09faacefaf8d693f77e177a4e60060ae', 'Lydia', 'Kleinstub', 54, 3769.13, 52, '2014-04-21 07:58:19'),
(27, 'wgenckeq', 'a3f530e76851d18d4ba46b9cd83bb276a990e60c2196fbeecf0044efcefabc2e', 'Westleigh', null, 29, 2025.2, 62, '2018-04-25 12:36:36'),
(28, 'iplumbleyr', '1c0108af01398b4461e11d8289f31ac56bd4901a3ad8238ae9b6dedbd507b6c6', 'Isak', 'Plumbley', 28, 364.88, 40, '2016-11-15 21:29:40'),
(29, 'bpomerys', '66e0b0e35138219437db3a14b4c4b4f72ba84adcc75647e84c40372368d7d7d8', 'Bryant', 'Pomery', 52, 1007.1, 95, '2015-05-10 13:40:40'),
(30, 'jklimczakt', '8ed99f0022e567c7f8ef298cb8d8131edc60a264cdc12e25b9d1ff68a9774c91', 'Joyous', 'Klimczak', 55, 3670.35, 13, '2013-09-03 19:46:19'),
(31, 'npeceyu', '7e112bfcf7db8aeb206f00e3cb37e2d487cbb758014d334c6f7bc4c108bbfa94', 'Nicoli', 'Pecey', 59, 4105.83, 112, '2010-09-27 17:39:12'),
(32, 'rpetrushkav', '14ff5b514bb1c7f121e57afdc81aa77bc283cf59d4332513206b12e395a8566d', 'Ricoriki', 'Petrushka', 19, 896.94, 94, '2010-10-08 15:00:02'),
(33, 'aliversidgew', '955be00daf0f6429536ac54dda8dcec8b2f7971f2004be8326daa24cbaf46a5f', 'Abran', 'Liversidge', 34, 644.91, 81, '2019-07-06 17:46:46'),
(34, 'ccroysdalex', 'f5120f4d91681bbf50be1af69a529c6d8d36db60b34118e53dafc4696381623a', 'Caressa', 'Croysdale', 74, 3522.01, 91, '2012-12-06 14:29:31'),
(35, 'ggaudiny', '82090e912ef9029e4f78c050c0d2a82e9d937029e308bf25b08f3907c9d3119b', 'Garrik', 'Gaudin', 20, 2866.77, 80, '2013-11-28 04:55:21'),
(36, 'mbaudinotz', '9147722aa799f69a9639bac7ad8cc0d160f06e7ab2f8e3edeed769cea396f3eb', 'Meghann', 'Baudinot', 44, 1099.87, 57, '2012-08-30 16:26:02'),
(37, 'oeccleston10', 'f1de2f54810240a1097fb8caffa25daddd2cc18e1a6e939d1997e37fb23970b3', 'Olga', 'Eccleston', 67, 4739.48, 95, '2017-02-13 21:00:23'),
(38, 'ldeath11', 'bfb1a149350d38dd3d1884df38352664ef31274984aed9fa5e951613488cbfd5', 'Lynnette', null, 19, 1698.17, 76, '2014-11-27 09:33:26'),
(39, 'dvenour12', '2a2f23a2b044a22366aa17c4db85e4b546bd171b189e9d34f6ceeeb7abcd722c', 'Dredi', 'Venour', 23, 1802.73, 83, '2015-02-10 00:13:30'),
(40, 'vleaney13', '384af8d8c6cd8bd86aa890528c089763556696ff06cc813ba19da45869acff52', 'Vaughan', 'Leaney', 65, 23.54, 2, '2013-09-22 12:17:59'),
(41, 'aquartermain14', '300791a68a7f0bdb6b80ce0d1c3fb9b67240f7bef7a24cd92d4bd369a7224e88', 'Auberta', 'Quartermain', 70, 143.97, 47, '2015-01-29 17:50:17'),
(42, 'neilhertsen15', '6b126a282647e03ad0b34962c9282be40922c3a8e0176dcddc5eba67b103829a', 'Nike', 'Eilhertsen', 41, 2485.47, 104, '2011-08-31 21:26:56'),
(43, 'bsyde16', '68bc3cf90fa1ba854a47388a8a62b839ce791cb6b62f753c56a2c9e2699c4350', 'Beatriz', 'Syde', 45, 4727.63, 15, '2014-06-23 12:25:45'),
(44, 'otownsend17', 'c8cd7f78bb2a16013058c022af35000c4de0426ccd72f34026ddd92f99bed30d', 'Orelee', 'Townsend', 54, 1731.83, 2, '2010-05-22 13:53:01'),
(45, 'ijordanson18', '49eaeb25ff3204bc6ef949cd043fa399ad222e85d5925eb3c82b8fc1828ac6bf', 'Irving', 'Jordanson', 44, 1576.27, 118, '2017-04-23 09:18:32'),
(46, 'mfloyde19', '60a98b635f7c08c578eb300729ea536fffa4b4f2a8df3c57c63cf2cd25bced12', 'Melamie', 'Floyde', 62, 330.84, 22, '2012-08-05 07:18:01'),
(47, 'rlaba1a', 'dcec01727e2523bc2370c3375e36ab4506c9487057d3e09dd15c94c7a564aa80', 'Reeva', 'Laba', 48, 4949.96, 16, '2016-08-12 05:00:35'),
(48, 'joattes1b', 'e0a84023dad26ee9b6e242243d58c80ee45de9e245b55710b636bb7eeeae45eb', 'Jayne', 'Oattes', 47, 3796.62, 67, '2013-05-01 10:47:41'),
(49, 'fbushell1c', '11c90eed018eb497cbc857f49ffa97ce7eee69b2dcfc620d60e7c696a75702cc', 'Fancie', 'Bushell', 43, 3438.04, 79, '2011-11-07 14:48:47'),
(50, 'mkeems1d', '9cf47e8fcec4f63722d7bc51fec99931ec452a4a931a6bf47ace415507f4f652', 'Moina', 'Keems', 46, 363.22, 128, '2011-02-21 10:19:58'),
(51, 'zbladesmith1e', 'fef1d9adb9ad578ced0a86ab85d79f70e1ab3ec8c70281687b9e58f73433dbc1', 'Zack', 'Bladesmith', 32, 2567.22, 126, '2017-02-06 05:04:31'),
(52, 'vbrandoni1f', 'e09fc0b508240f222e70b496a48cd83d0f986df16eb9c81e123d19556a0de8ab', 'Vernor', 'Brandoni', 43, 4477.39, 43, '2018-02-09 10:29:54'),
(53, 'cmcelwee1g', 'f051dd3e10f6b9773525440a0637331dd89e9a3cd45d7645152ba4f3ea507ae4', 'Chantal', 'McElwee', 73, 1803.8, 102, '2013-08-12 10:13:38'),
(54, 'jsiggers1h', 'e60cbd49cef9968f817e4ecd0b57428d8822a05b3c31abbf146f15c85ea4b245', 'Jasmin', 'Siggers', 56, 4217.38, 58, '2014-04-10 11:33:05'),
(55, 'tbrumham1i', 'b7e2a053f26a0c6da276f53cc01d42415a9ea38699449eb6fdbd4d0a14f3ec93', 'Tedie', 'Brumham', 71, 487.5, 10, '2018-09-18 06:46:01'),
(56, 'cedington1j', 'dcdf633455b45b2075578227aacc21bdf94bde9971c7ce3bcc3e2a81675539cd', 'Colleen', 'Edington', 76, 4948.28, 97, '2011-07-05 07:27:16'),
(57, 'mbyrom1k', '4d208b6dd183842ea41a5e7f485f23bab77f1e783f4125271e8507239ddd9148', 'Milissent', 'Byrom', 76, 2546.19, 19, '2013-09-30 01:43:38'),
(58, 'ckilduff1l', '4973663964dbe55060f9dfbcd914beb8cc42877c4565afbae56a2f2425431a99', 'Currey', 'Kilduff', 22, 993.2, 115, '2012-09-25 11:04:17'),
(59, 'dwearden1m', 'f5c4f7bf900310817a8a549a4bb3d3bd0cab318a9829a80f7c3543cbea335417', 'Dotti', 'Wearden', 78, 2072.94, 89, '2010-09-07 19:43:33'),
(60, 'thanrahan1n', '948f5ec4392c06a429c309eb4480433edf3c1da9883b6459823a8ecdfc938686', 'Torey', 'Hanrahan', 67, 592.07, 7, '2019-03-19 03:34:57'),
(61, 'eyakunin1o', 'c36755de65dd7adcd5e40cfcbe84c09227ed4f8603b7c7807e862b6205648084', 'Evin', 'Yakunin', 64, 4277.76, 76, '2013-02-21 09:39:56'),
(62, 'lvanbrugh1p', '7478e2ee324427165178f969144446628785fef11928662d778924936dce704d', 'Leoline', 'VanBrugh', 68, 2096.12, 92, '2014-12-01 18:34:21'),
(63, 'mgirkins1q', '03c8cdd1ee17902d5151d7b09d801be82da493b9153696f219b7244864c8cdf8', 'Milissent', 'Girkins', 60, 3623.07, 77, '2017-04-25 23:42:03'),
(64, 'ireames1r', '1dd00da0c25f303192b87fe922703d277e600a5777b88bfc5fd2a730bc8854d2', 'Idelle', 'Reames', 26, 2415.99, 2, '2019-11-29 00:33:49'),
(65, 'abaskett1s', 'f0f4cc6766ed5ae6756b89c641aab112540351a2cfa692a79a28cabae0f48aa3', 'Alvira', 'Baskett', 54, 4194.92, 36, '2012-07-06 13:48:24'),
(66, 'ckingswold1t', 'dafb744aae1d10ef267cde6dade4c564e2d197dda308d4c9ed11d7e0b863fad1', 'Cindi', 'Kingswold', 68, 3728.29, 100, '2012-12-28 14:01:08'),
(67, 'gpidgin1u', '6e6f04cf3477206ca9dc598c062b3cbd35c0da27b7ab063daf26259d593b7512', 'Gannie', 'Pidgin', 65, 1674.52, 84, '2010-05-06 08:57:50'),
(68, 'mleehane1v', '8cb256e9ffd93bb8d8f409b08a03ce1f241df2ebce653ef8c987cb82b2bc3876', 'Mil', 'Leehane', 70, 4718.34, 72, '2015-02-04 20:33:31'),
(69, 'jlainge1w', '5a866216c89c3020e74266b91d553dc850a06f42b23ea9cd0ddfe36d2b33cee1', 'Jonathan', 'Lainge', 48, 2608.9, 123, '2018-12-04 21:00:39'),
(70, 'cbretherick1x', 'e6ab7f68281e1fc53a059501494d37881334aab58a5a846f53db583be4174ed7', 'Collie', 'Bretherick', 79, 2159.63, 85, '2011-10-23 17:36:48'),
(71, 'lkissock1y', '6e2bca1dc237e484179a250556733d7d2656ffb2a17d991d00e55f2d83536729', 'Lilyan', null, 42, 3420.76, 56, '2018-04-19 15:20:32'),
(72, 'epanichelli1z', 'eb6e768f0931adf6a29f6aa5297f3a4851fd589d919492f25dbe8342a9eb88e8', 'Elonore', 'Panichelli', 70, 4505.04, 64, '2016-04-08 05:27:01'),
(73, 'egabbitis20', 'd2e949b4a5f08abd9340a060daa5c9009253672023a6656a019cbd19d4a8c77e', 'Ethelbert', 'Gabbitis', 50, 1676.88, 115, '2017-11-19 03:52:16'),
(74, 'qmengo21', 'e95a5f6f54819a092431a010d3a82b261abe642869d244264fafc5dac6faefdf', 'Quintina', 'Mengo', 34, 1519.17, 128, '2016-08-27 15:27:37'),
(75, 'hmacsharry22', 'aae776187a779906a14081ecfe5c223391fa1c9ee88b2f190a4de5355bbf81dc', 'Hilton', 'MacSharry', 56, 4278.25, 118, '2018-03-19 02:49:03'),
(76, 'sthemann23', '2a03241bb38a873a0aa7ff4b86f1a5fc405090206638c7ede181650f03c56417', 'Stormie', 'Themann', 58, 3321.95, 85, '2010-12-06 11:45:38'),
(77, 'cvaughten24', '333adeab903e9f11e5120fb348720723f2d3f024bd47656f70a7c47093289fcb', 'Cordey', 'Vaughten', 66, 4142.39, 82, '2011-05-06 19:38:38'),
(78, 'comand25', '28c94a6d5132d0565f4462f76e3eb80c0cc30f07cf1986ed34e81bf656525933', 'Coral', 'Omand', 38, 1152.45, 128, '2016-10-26 04:39:57'),
(79, 'rcaisley26', '3c66788ec8c312df8ecb5df38a70bb58be9a3f1f9fb03bb9c2dc1d781b13e0a3', 'Randee', 'Caisley', 55, 1672.06, 105, '2017-06-14 13:34:47'),
(80, 'jhalpin27', '4baba39d6dc58d11d5272f503eb1ede764bbef4f87cb52ecc852eb5aaa61cfb2', 'Jeno', 'Halpin', 51, 861.12, 90, '2019-06-16 18:54:10'),
(81, 'hkording28', '598b26e26bb9cf30b7234e543db385bb04979f9ebfffe40f23259eebaa1c7a24', 'Hildagarde', 'Kording', 31, 4022.11, 61, '2014-09-12 08:01:19'),
(82, 'vbeadham29', 'ccb092fab2b7c6ef6d63f5462b3fd8b3780f2e85f67466cd12f719ebbe037025', 'Vanya', 'Beadham', 22, 4103.92, 87, '2015-04-29 20:23:53'),
(83, 'ftenpenny2a', '7143d30e327a80cd44f8d78d8202f2fb037a09d8c06bad39e32fda413149cab5', 'Fletch', 'Tenpenny', 30, 737.91, 115, '2017-07-11 19:36:01'),
(84, 'mfryers2b', '0c8354b3dea32c5aa973b69a6612e06716b2e3754071099b96447ec13d6b4587', 'Murdock', 'Fryers', 34, 3318.68, 59, '2012-08-31 16:30:56'),
(85, 'hserrier2c', '7cc516b5b6a6f9d82cb3cdc5657648ca0983936a8624c4ad9bc9472489650b44', 'Haskel', 'Serrier', 24, 2847.56, 67, '2016-05-15 16:43:39'),
(86, 'kdunkerton2d', '784f62963cc6e4e41befdf8ab5d093018daf0c84cd5c1c0a9f464cebb6344142', 'Katinka', 'Dunkerton', 72, 574.54, 116, '2018-08-28 21:32:03'),
(87, 'bwherton2e', 'd35627d2a62dd88ccbd5130e3ced31edaec96bd03783ecff530db09149fd007e', 'Brigg', 'Wherton', 77, 140.76, 50, '2018-05-29 23:22:50'),
(88, 'astronack2f', '5307542b32756093c13e7570d48c5870d2f0e82c42e8990b7d3ee4b0517c89d9', 'Alec', 'Stronack', 20, 2217.28, 124, '2013-06-25 12:20:42'),
(89, 'icoey2g', 'ad7f48676d48f0e3d7f2becc58b69215bffbf712d259168c1bc779a69aea8a92', 'Ingeberg', 'Coey', 59, 3377.08, 62, '2015-10-25 09:57:50'),
(90, 'mmccamish2h', '8605e6c63be91ce152a1a7f849da67e5a72ddfcdf481dd40040f629d1b432ed3', 'Mela', 'McCamish', 54, 4310.88, 114, '2010-11-14 19:15:46'),
(91, 'hlamping2i', '98c4b7222cf1ce16891cf0e624af61e319028298ddecee3dfaec48f384b9a8b9', 'Hertha', 'Lamping', 56, 4002.31, 7, '2012-08-07 11:25:59'),
(92, 'dpuddan2j', 'c282437614ecfa12cfa7925e9b76b43a29eaad51cef6ed47cd2916b6c1bd7796', 'Dorisa', null, 31, 2619.9, 10, '2018-09-21 02:40:08'),
(93, 'glimpricht2k', 'a38a86f077f3a8e04284653fb82823f982585ce5c232deaa1458132bd9ae5d2b', 'Gael', 'Limpricht', 63, 4560.4, 75, '2013-09-22 15:22:43'),
(94, 'dwerner2l', 'de8e5d2c39ebc85963305d4227dafa7f62ef01772175ec88d2140a8ac3353ae3', 'Davy', 'Werner', 78, 4771.4, 51, '2013-10-31 14:01:57'),
(95, 'mdyne2m', '97a872aec2c0bce842ae7d22e35b3d0208d05dccc7aaa26ea3709695bd6bb61e', 'Mikaela', 'Dyne', 55, 3005.12, 40, '2010-06-20 08:09:22'),
(96, 'reskrigg2n', 'a9ea2d3ce88db05f05ed84ff137ebc1f9812e12ed27814b1a4ae6a663ef1e9e5', 'Renaldo', 'Eskrigg', 26, 4206.01, 59, '2012-10-23 17:04:48'),
(97, 'cgrishenkov2o', '27910e9928dbc6ef8321dc4b3e44a44d04ca5e5c1e523b9a817e27148b14c4fe', 'Cinderella', 'Grishenkov', 37, 4501.02, 63, '2015-05-24 23:15:04'),
(98, 'sgorstidge2p', '2586ea58c43b5c1f70787465a6ddcc5b261cc26bfa99459280c0390964590781', 'Simona', 'Gorstidge', 27, 1801.01, 48, '2017-04-08 22:02:37'),
(99, 'fbishopp2q', 'decd9d32efc07ac62324b7e2d1e8689427e705ea81e02ec14e89affd03e0f29c', 'Floria', 'Bishopp', 33, 3282.83, 75, '2013-10-09 00:39:07'),
(100, 'rburkman2r', '677eb7f1c0331d93efbc69e81ba356f2f3a3e04baeb0ceaf282a7d5159476376', 'Raymund', 'Burkman', 43, 2435.21, 71, '2017-09-20 10:43:50'),
(101, 'myarrall2s', '753af56e21b3abfaa74bd429affa6632dcd4d2c315604f35c6769f51111e93c5', 'Marcella', 'Yarrall', 68, 4748.52, 128, '2013-12-22 03:19:14'),
(102, 'fmelmoth2t', 'fabf774c8133e4987153861cc5080e5d546030dca94712d4bb99750351cd8b1b', 'Finlay', 'Melmoth', 30, 2080.09, 61, '2011-04-02 14:20:33'),
(103, 'dpilkinton2u', '2276bded513438ce2b8f4f418cde4d474bae143c612361eb89ba70d611c0c1b5', 'Dennis', 'Pilkinton', 67, 38.08, 109, '2011-03-04 19:17:39'),
(104, 'cduro2v', '278b741a5b72d8b185bea2a0e6ec5608cc1f70e7f676c5cbbfabf84edaf38e57', 'Celia', null, 29, 1699.75, 106, '2014-10-01 13:25:29'),
(105, 'emarusyak2w', 'b437882ac1a0ffff75d83b5891852849468b8cefa0344ab1ce3e041ae5f63bf2', 'Eberto', 'Marusyak', 60, 4312.36, 78, '2010-04-15 03:44:18'),
(106, 'fayer2x', '212dc883a070e5638c83bf3b203f1a05a0f1a3d6cdc89430bf9b0d763caf1093', 'Frederick', 'Ayer', 48, 4165.2, 37, '2012-06-12 12:13:29'),
(107, 'scoper2y', '01736bd4151c3448fe7c43bf2568ac4da570e7aed1886df2d06f4c5895744929', 'Sheelah', 'Coper', 50, 1207.33, 106, '2015-08-13 21:28:31'),
(108, 'daish2z', '1ba74a2ec07191b948242569969262477bdb03bdc556465f9e6f2ba14936113f', 'Dur', 'Aish', 64, 2734.33, 37, '2011-12-04 19:53:42'),
(109, 'pigo30', '5861423ac7905de2e97bac488d093033107a592592251cc8189326a35c8b3d45', 'Preston', 'Igo', 58, 808.6, 45, '2014-12-31 11:52:35'),
(110, 'lkerton31', '167176f8c366d25e27bcffd1bcfbedaac9e30acfe5e39ef79693471c9968ed8a', 'Lyn', null, 56, 3025.86, 34, '2017-01-03 12:54:24'),
(111, 'nambrois32', '5c10035cf36c943605f41ac6ccb940c30b627fc5b915bdd7d7af42d38324453b', 'Nappie', 'Ambrois', 26, 784.31, 116, '2014-11-20 07:51:52'),
(112, 'mcluer33', '9e5bedfdfb8abac435ab8b36b60af27d124c938974ffb0ab8446d25f73d62fe2', 'Marleah', 'Cluer', 58, 3954.69, 88, '2017-11-15 12:50:12'),
(113, 'ccoogan34', '5b60d6b3ae7378d76bc24d1bb18db2e5365ca02352e3a4bd99dd337812509106', 'Caralie', 'Coogan', 37, 2014.67, 9, '2011-08-30 22:21:12'),
(114, 'kmiddle35', 'aee6ac531ee84146de603e7e64377018ccb9d3b1f4b2cc5b58706d3dce30882d', 'Kare', 'Middle', 57, 1694.22, 63, '2012-12-15 00:51:40'),
(115, 'lcosty36', '8ad5fbc98e4c05186195c3f64874de5a03eba4b31b72cc976bb3f00af5ff139f', 'Lorianne', 'Costy', 63, 1375.01, 122, '2010-04-23 11:48:07'),
(116, 'ealexandre37', 'ea1f4df7eb9982f8c6cb12f9be42cabe32ed2f5aaec5149d073d31d01388340d', 'Evin', 'Alexandre', 36, 2408.77, 17, '2018-03-07 00:06:24'),
(117, 'skettlesting38', '6583f19770a89fd155a8a8e8ed44db8422d4340d49616db7ede2261e23c74c61', 'Skipp', 'Kettlesting', 22, 3599.07, 68, '2017-04-13 08:53:18'),
(118, 'mgarwell39', 'e64198862a6d231756d1986828b12aa731f78fd9a3892cb0c17812079981426f', 'Marlena', 'Garwell', 23, 4427.07, 72, '2018-04-30 01:18:52'),
(119, 'cbewshaw3a', 'd4fd468dec1bdf31b5ee3982fdb3a401e66873ecb23d60d676d4b6c0a83f5517', 'Corina', 'Bewshaw', 51, 2207.57, 105, '2019-06-17 12:25:58'),
(120, 'amcisaac3b', '0a29930bf1b0c059e28d48423846abaee62952ab84b26b6bc783c63334f8be4d', 'Anallise', 'McIsaac', 59, 375.36, 108, '2016-04-04 11:45:20'),
(121, 'jroja3c', '747f7e07944a43a0dcb8e76e234fc89cae844ddc5909702f21c3556e2b5d90db', 'Jemmy', 'Roja', 66, 3667.2, 106, '2012-08-02 20:08:08'),
(122, 'kpearsey3d', '76f477328758217ca13eb29e5aa3f10302b52b7dbbd98d4fe31865d9ab66e4db', 'Karmen', 'Pearsey', 33, 3612.9, 72, '2010-10-28 16:02:44'),
(123, 'ctaberer3e', 'c834e844a44559f6b390fac46153581c02d197e241b267269aab531abd628932', 'Carrol', 'Taberer', 25, 1987.44, 27, '2011-09-24 21:47:19'),
(124, 'rklewer3f', '1d7adceef92699c405c67984d78b43814c2c6a7ae365ca1a51e7cf943961174d', 'Roseanne', 'Klewer', 28, 1197.36, 125, '2015-11-07 15:01:49'),
(125, 'dmarquez3g', '5dee31f6358cb5f61c78fa0f0e55fefbdda38c11266d05a052331437881446f3', 'Debora', 'Marquez', 27, 2247.47, 93, '2015-03-14 17:26:27'),
(126, 'wpithcock3h', '5d7b3cea8ad1ae2518400d4894115abfc956576082d7d53299575d11518b6ed1', 'Web', null, 45, 4021.67, 36, '2019-11-09 10:58:58'),
(127, 'bporch3i', 'd8bb4bf8957e9bae466d05f9558873262ae86e73c9906031f9cb9687e01ea5fa', 'Branden', 'Porch', 80, 4072.12, 18, '2013-06-01 16:31:37'),
(128, 'amcgillreich3j', '978c5f58242e70e064d4b72636b25447ed8702e79914439e65f31c86b52f8dde', 'Augy', 'McGillreich', 64, 601.75, 29, '2013-04-23 06:31:31'),
(129, 'bgeistmann3k', '8bb53b78651cc6d682ba00d267c5df3a393451f1ee1000f5b9b08983103bb00d', 'Blake', 'Geistmann', 35, 4610.67, 13, '2016-05-22 22:30:58'),
(130, 'kmargaritelli3l', '2d6bf9ab8c0d83c667b3f890cf6fb447b701f73fed58f9f1498241c6d762c271', 'Kimberly', 'Margaritelli', 33, 2741.86, 59, '2017-01-18 18:13:35'),
(131, 'hvarren3m', 'a306b917cf3cea1d6e3307ead3128ff652ca3bb8089f3cf02c53fa9a6f6efe09', 'Holly', 'Varren', 68, 1038.61, 28, '2010-04-23 23:52:51'),
(132, 'rbrugmann3n', 'f9d6a8bd717f9ffcfdd6ec6a283cb09ee48f914f44d1fe7ea39b882faad2e2bf', 'Ryan', 'Brugmann', 71, 4701.49, 112, '2010-09-20 06:17:55'),
(133, 'tweedenburg3o', '72fe2e45e6e0850dcf0c735d2b58ede29bdbce907a5f6f608705df3eed11c684', 'Theresita', 'Weedenburg', 48, 4264.02, 51, '2010-04-22 02:54:21'),
(134, 'jjerrome3p', '61aab98703a51494764132413be28db707c756109ce898cb4d9dcb029ae17fec', 'Jan', 'Jerrome', 21, 3193.35, 7, '2017-05-01 22:05:54'),
(135, 'jgott3q', '79e699cacbd930f1877b18eceb5f572b121b9c9a42bf04c2e770a97a212ea323', 'Jerrie', 'Gott', 51, 2966.98, 71, '2015-01-03 08:55:37'),
(136, 'hkeenan3r', 'e75a3beddc8ee5747e08049ecbebe9e60d8544ee151b09425947a9a20e8b0fdc', 'Herbie', 'Keenan', 68, 720.05, 11, '2011-01-06 06:13:09'),
(137, 'ihuegett3s', '39d94b2aa08d5656b8597f7d3ff23f6d992abb6d506155f8ee5ed26e256e3f9c', 'Isabelita', 'Huegett', 70, 4771.97, 84, '2012-03-17 22:29:40'),
(138, 'lessame3t', '9b75da38763b7eac4d1c69a6af9e5bbc8de0868ca178c81de17c9d8a716915e8', 'Lara', null, 54, 3119.71, 70, '2015-02-03 07:21:58'),
(139, 'dsongust3u', '954c06c45d3206266aba59bf4cba364f5003602a7cf927ac64d0db96491236de', 'Druci', 'Songust', 40, 3873.18, 124, '2013-07-02 00:58:49'),
(140, 'ggrierson3v', '27f8924945b2fabb55eed3b9c65abf72e3ad6fd26385c34305b7515c5e66a54a', 'Glen', 'Grierson', 56, 4148.78, 69, '2017-09-22 22:02:05'),
(141, 'gpendrick3w', '221c747cb6581f30e1fcfe46c790c7b7728fc855493ade1f21be17e765ecdbe0', 'Goran', 'Pendrick', 27, 4571.05, 118, '2017-12-31 19:32:25'),
(142, 'nphilipard3x', '561ff7a3c712f9f7c590b4939eafae5fc4d52a8482b672026abc999fa53ce2b8', 'Nerta', 'Philipard', 79, 1636.34, 2, '2019-08-25 15:54:21'),
(143, 'aabbyss3y', '56fc48ea9cdf82be4cd0e28c2ee39fa99ffb338a1b98ebda81582eacadec68f6', 'Angel', 'Abbyss', 33, 994.69, 58, '2013-11-30 11:08:42'),
(144, 'jbrookbank3z', '006db575af9b3f2e6e03be7380a318f62dab485e4a1d123c79c018e628fc5fb9', 'Jenni', 'Brookbank', 24, 2633.78, 7, '2016-03-03 09:29:53'),
(145, 'cdeville40', '9fe3170a189a08485ec6c6856f9b6ecb29a4a0e5aefa539464b97df252a97306', 'Carlo', 'De-Ville', 59, 4575.5, 88, '2017-10-22 18:40:31'),
(146, 'cslesser41', '01d60a28dd4d1979af6f4d9b0e66ae3527f23223b80f021aa1e57a37148b8aeb', 'Cosette', 'Slesser', 59, 4170.73, 51, '2017-04-25 01:22:29'),
(147, 'nmunkley42', 'a49fbdb5803eb18b18d3b68c5b354dcc08111e673abbc15fae7a184df699228a', 'Nathalie', 'Munkley', 31, 4369.17, 18, '2015-12-16 17:20:20'),
(148, 'hduffree43', '88f25d7b2113ebbc84f670048ff302dc94dbd11f3c361eb2de8451f0b858d4cb', 'Herschel', 'Duffree', 26, 1567.46, 99, '2010-03-18 21:38:55'),
(149, 'cdackombe44', 'd5e063bb1f266bd840285e4a07ed95518abf5ec708dad2eeb733d478b3b99391', 'Carol-jean', 'Dackombe', 36, 4781.23, 102, '2019-01-30 02:12:43'),
(150, 'ebrokenshaw45', '7da8f9a57ab421a71d5d9a988a87a2acd4d88f26294fc0e835d0ec67de445cd6', 'Emlyn', 'Brokenshaw', 22, 2182.69, 127, '2011-07-24 02:52:01'),
(151, 'nbosch46', '630ed11a4076125c72d8d377f940ddeed8e499ae151ff3ae7d10a1865e1b87b0', 'Nadeen', 'Bosch', 37, 4106.61, 65, '2017-01-18 04:56:13'),
(152, 'ahayman47', '2e5ff5a79d8ba49de2555dd6c5826e7ca4358731b0c333e557caa1a6be13a32f', 'Arman', 'Hayman', 79, 707.68, 123, '2019-08-13 16:02:10'),
(153, 'pcampkin48', '0cdad965e68dd667ba3ab9dddc05706ba1f4cf8296efaedfd04d3ea64ca72553', 'Persis', 'Campkin', 45, 274.75, 116, '2011-03-18 00:25:18'),
(154, 'jewens49', '77a299007378f02ee82e9fcfde8f027ff2ffc7644d4c584e7d8cffc52adb8e0c', 'Jobie', 'Ewens', 61, 1271.93, 6, '2013-03-15 23:22:20'),
(155, 'ndundendale4a', 'f1b481ea43acf274af3563618b34829e2809c28418d9c4794f1a096d1d557dec', 'Nollie', 'Dundendale', 70, 3630.25, 34, '2011-12-13 16:32:24'),
(156, 'emarieton4b', '99a99b6ac5527a205006ab72463b8b965ee20a0a5ce238e12008007bca90d192', 'Ertha', null, 48, 335.46, 22, '2014-11-09 00:49:52'),
(157, 'ahaccleton4c', '1682062165c2b8359f8157824fdd3d4739034395d9361b00b21177b60dad0af1', 'Allsun', 'Haccleton', 29, 3025.46, 52, '2012-06-05 17:42:19'),
(158, 'tmckune4d', '0bb04590148b434cc7d539529e2b2b642873040c3a307ba7643bbfb7aa0acd78', 'Tomi', 'McKune', 47, 2819.75, 81, '2010-10-02 22:00:35'),
(159, 'tgilbart4e', '500f1d79e664721de71621a383a1e3f36e7f7c0bdd7fd9b5062d11e8fa2baf41', 'Thorsten', 'Gilbart', 36, 1077.88, 36, '2013-09-06 11:25:54'),
(160, 'abellwood4f', 'a4cc4fd01361fef345620818782bf448e3bc425773da4b29bbd2e48f41cba071', 'Aurie', null, 65, 3763.38, 98, '2016-05-01 04:20:15'),
(161, 'drawe4g', '43eff2f64509ee9b72d9fcda66c45c27428bc62e9201effbaf0d785db7221a84', 'Dennie', 'Rawe', 27, 2329.23, 38, '2013-07-14 13:33:43'),
(162, 'tshearmur4h', '9727e899192e13ec2fc8e1fc0eae56900654f24825474803146ef433251590d4', 'Teriann', 'Shearmur', 37, 2990.02, 62, '2012-01-27 05:09:39'),
(163, 'tdunkinson4i', 'a25cc29ac52fd622baec8486d36854eb7573a93e2598fcc1f5ad96aaf2281cd4', 'Tamas', 'Dunkinson', 65, 1025.55, 35, '2019-07-30 15:41:52'),
(164, 'kberkelay4j', '76a87c168cf4e10e18f685aa127973901c5d20805298d4dd1b3ce794a156fadf', 'Kata', 'Berkelay', 53, 2971.43, 36, '2014-09-26 09:52:53'),
(165, 'relliman4k', '54f8a54bdaea071e1ec7959d0839beae764535f08e130619cd52e04ddc9295e1', 'Robbi', 'Elliman', 61, 1271.14, 43, '2016-10-14 18:27:26'),
(166, 'mtregona4l', '53ad7f9ab7f90be47e4fd1845d14543379e2de964bdee9ec5bf2f670f6465fa8', 'Melamie', 'Tregona', 45, 3660.48, 106, '2018-01-06 14:41:13'),
(167, 'htweedle4m', '0cb6dce0aaf35c4adf0bfe1c140595f4c5e99421d169f2217992afc6097915c0', 'Hedwig', 'Tweedle', 72, 4921.53, 123, '2015-03-14 20:11:04'),
(168, 'mbosher4n', '77d512a23e1a1c58c68b439be2bfc918b3e3c8917f5b730ca8895d918dd7f7a1', 'Manya', 'Bosher', 43, 4007.01, 78, '2016-06-09 13:49:04'),
(169, 'rseven4o', '644ecf8028ead59f2ca6208ccf19be1edf96c682b5242c17bcb5d2f2a2eabd35', 'Ripley', 'Seven', 53, 96.25, 39, '2015-04-07 18:06:24'),
(170, 'rberrycloth4p', '74737938737714f21ec80abe4fbb5fe10621aa448756654ba7dc106ad22cc59c', 'Rosemarie', 'Berrycloth', 34, 4926.83, 56, '2012-07-29 15:27:30'),
(171, 'gmoxstead4q', '6f56cbd2756b729c7dbb69466fbdf34f77ca48cbd697257c89e64229229df629', 'Gonzales', 'Moxstead', 27, 791.54, 124, '2012-07-08 17:24:35'),
(172, 'cspringett4r', '5384e6630c00ec93d11de2d69e290c5bf225fb0552564c9b24ace54ee1d39b88', 'Cthrine', 'Springett', 36, 3933.38, 88, '2013-10-06 19:05:45'),
(173, 'uscarbarrow4s', 'c8baa210532995054a7adcb7d92196625d1c327a9a552598308a9115bef1f8df', 'Ulrika', 'Scarbarrow', 32, 3320.28, 15, '2012-05-20 20:29:20'),
(174, 'asearl4t', '15fafccbf9f865ec41b007c30658693278eb19e1f469040623653edd44491321', 'Adi', 'Searl', 74, 3333.81, 65, '2014-01-01 01:56:22'),
(175, 'nyosselevitch4u', '3622f79755d4dd7abc1753b785edb03d95e1f1e24c7eb59142dbb60b75b7a966', 'Nicko', null, 18, 892.1, 4, '2010-04-09 19:52:19'),
(176, 'lwardhaugh4v', '9c234d8ab0b817d22600c32a11744b046e7de8127763f16d17550b6bc7bbbb57', 'Lambert', 'Wardhaugh', 22, 2969.51, 33, '2013-08-25 19:36:57'),
(177, 'hisacke4w', 'c99fa86e4e45246fbf71610d50acff93ee4bc8860379eb0b1db6d60c2846fb71', 'Hayes', 'Isacke', 30, 3775.03, 72, '2010-05-12 01:58:08'),
(178, 'ngallamore4x', '600724bd1e29dab231aa8cd059fe200a9a159e6f29501bfa7f6c5e8b7fc76227', 'Nikki', 'Gallamore', 35, 3847.6, 87, '2012-08-06 12:22:35'),
(179, 'umeaton4y', '4adf851630933d3fec868bb0f0e0676c455ba10db4087648c750564906fd22b1', 'Udall', 'Meaton', 38, 372.45, 56, '2011-04-05 07:39:19'),
(180, 'escotchmore4z', '80b3bb5b41db7f1bc4f6f234ae3b60d52fc4b276213c0883568bd60c9062ed01', 'Emmott', 'Scotchmore', 53, 597.38, 87, '2017-09-25 16:45:20'),
(181, 'tmcfie50', 'c230d0f2c1242459d19a759295c28dce663efc3d600d56a87848c70f4981f2cb', 'Thedrick', null, 64, 3109.14, 23, '2015-03-08 19:22:38'),
(182, 'lcropper51', 'b012821ee424512d352b404a37b500be7ee5781a04e7e4eba7cc753543e40c66', 'Leta', 'Cropper', 20, 3052.85, 3, '2018-02-19 07:12:05'),
(183, 'dmckibben52', '723da93b940874e0697c36da4fdb747ccef0c40c541c46e6016e147da27e97ec', 'Darda', 'McKibben', 43, 346.47, 33, '2013-04-01 10:48:36'),
(184, 'meastwell53', 'e78019e8dbc1678849e89e5a60e2485f79545209c75b95b530c3b6cba0605545', 'Mellisent', 'Eastwell', 20, 4431.23, 99, '2010-07-03 22:04:03'),
(185, 'bposchel54', '21e81421e1f3f53e40847c98439bab7e7d53880b12daa684310be4c4eb5c7a38', 'Basilius', 'Poschel', 75, 1479.51, 40, '2012-06-14 05:30:22'),
(186, 'abolderoe55', 'ba74b835b63ce83b925d179915da7ed458b6450026688f6bf066be323d202a0b', 'Ahmad', 'Bolderoe', 24, 278.61, 116, '2012-05-13 13:10:47'),
(187, 'ihain56', '3609f4347d2fdd85bb510effc5acbcca5b57ab672d147e23a22f519b2076afe3', 'Ingram', 'Hain', 28, 3692.29, 44, '2012-09-30 00:43:08'),
(188, 'wmowles57', 'feb2db47860c1aa071319c2346379bb5a8f8e35e8404237387533f3ab6868877', 'Wandie', 'Mowles', 29, 3263.41, 87, '2014-01-24 11:00:29'),
(189, 'rwasteney58', '3422ddf0ebc7dddfb4d95f2277e75ab359f969264abd6de48d5f18a4adf5b50d', 'Raquela', 'Wasteney', 20, 3146.94, 8, '2019-03-14 07:41:11'),
(190, 'mlumber59', 'c5e131852ace24525136ed437a5d06b3e29730aff2ecdac8cab990f61bbb7c40', 'Melisent', 'Lumber', 65, 67.15, 92, '2019-02-10 15:53:51'),
(191, 'hmangam5a', '672ef322601933b5299a26f4945e38f946bb27091998d95648ddad0b7bfd433b', 'Hayley', 'Mangam', 63, 4117.75, 84, '2016-02-11 09:53:19'),
(192, 'pscotchmur5b', '80096e96497f079bca152c22b8817d56bec8c576a0c89126938c8fd108ef0d5c', 'Prue', 'Scotchmur', 62, 947.66, 34, '2019-11-04 22:36:34'),
(193, 'btheml5c', '12868f6bd77851191f8763e664bf858cc5cde2f58b4efa3aa8ab8fb1408b7a1a', 'Bambi', 'Theml', 77, 3616.21, 41, '2013-12-01 05:35:37'),
(194, 'cnield5d', '13a18af91851fb2b235b38f61009b6b4933c065b2b768f97c50208039d491d83', 'Cristionna', 'Nield', 53, 363.26, 118, '2017-09-06 08:28:21'),
(195, 'aduff5e', 'ae07fcc4e5a6aaeefe94d9a2d2f645e240e1952bf489aed42c7b16570bafda54', 'Allegra', 'Duff', 46, 2268.99, 114, '2011-01-19 23:36:53'),
(196, 'lfeckey5f', '5a6b05c58f90e4ba23cf1bfeffda08cab6cd3a4f2b68af7bd3e6e4e400a1eca0', 'Linnet', null, 33, 4733.68, 121, '2016-07-17 21:30:19'),
(197, 'eastie5g', 'efa1665e6b73a2101ce9716c1a34bdd89fb706ea3ea07592d34ae31690ccddcd', 'Emery', 'Astie', 46, 4702.34, 84, '2014-01-29 22:07:37'),
(198, 'msorton5h', '9bd73fa780951d95ff3efd2284fdf176de432fd6399a544a7214f8bf4515134c', 'Merlina', 'Sorton', 50, 3014.48, 8, '2012-09-22 00:36:17'),
(199, 'msickling5i', 'e8fc48018179fb13773f5d0fe87abc4eca4016e4c4d31a174cdb5fceea079259', 'Melitta', 'Sickling', 63, 454.16, 68, '2019-07-16 16:05:26'),
(200, 'dgehring5j', 'b73423ffc73b04562c64912e7eda85ddcbe01cecd1bb7abc106c2bbc9f6f9bb1', 'Dare', 'Gehring', 38, 3319.75, 13, '2014-07-21 21:46:43'),
(201, 'pgladhill5k', '0bc004eca2dc8fc9748a9a1c84e9f63b38f008db5dae601c9fcc3a705fe2ae83', 'Padraic', 'Gladhill', 40, 2643.38, 83, '2017-06-02 07:03:39'),
(202, 'wgallear5l', 'b9aa2f8093931bb706e7cb0bf6546b907619c98bd3ef0a2a71e765f3738f66e3', 'Wendy', 'Gallear', 62, 1973.27, 11, '2016-11-01 14:28:53'),
(203, 'erassell5m', 'e627bb4b316e361b545418f799a005b6ef46dc6ea243b123cb2b6a5c839b55a7', 'Elsa', null, 50, 4986.81, 95, '2017-12-11 22:19:03'),
(204, 'ibrislawn5n', 'd03b7975a3938b963f171be2ac6c1b7a98605d0a5b18095f9c89d021daf31cc9', 'Izzy', 'Brislawn', 33, 483.09, 16, '2016-09-07 16:29:53'),
(205, 'jmcpartling5o', 'd2f13899a47e3f493da255bcbbda61c9fd96f66975a244aa23d9e128d5b5084c', 'Jemimah', 'McPartling', 18, 1526.73, 95, '2011-03-04 22:47:08'),
(206, 'ohollyard5p', '29c0476f77a7bb60df5e1cc984f6f7b15294715e9cdee9afb31b0ae982eed33a', 'Oberon', 'Hollyard', 64, 3655.39, 75, '2017-06-04 01:56:29'),
(207, 'sgoodison5q', '5dbaade3e80afbffa5bc7e4c9afb6303b481f03977517b4d016fcb2c591a85a9', 'Sim', 'Goodison', 31, 3134.28, 98, '2012-12-22 09:52:33'),
(208, 'rphysic5r', '283cf56cadd187ba2862a1cbc65773d590694a98f0e8bd8aa8bad9c74fb23d21', 'Romain', 'Physic', 48, 1316.79, 125, '2013-12-26 05:26:21'),
(209, 'stroup5s', 'be036d83181acc5e2cc6f5f783c48fb2c47d6aa61fe91e0b0d04b9ae60caa7cc', 'Sylvia', 'Troup', 67, 3276.51, 64, '2011-11-05 19:54:17'),
(210, 'jllorens5t', 'b3642d838d041c74d3e3ef849c218192e521741db71208bdb13efaddc892d942', 'Jinny', null, 72, 3213.34, 128, '2014-11-08 00:59:24'),
(211, 'swickham5u', 'fba4056d236c2d75631ad95949653b267aa66e4a0a924fab3227e807a98a5ebb', 'Sallee', 'Wickham', 57, 1543.47, 49, '2011-06-27 16:25:10'),
(212, 'lorleton5v', '2936680a94edcae33c181ed6f3e307ddff2970ff5bbc6342a611f171dabd8024', 'Lilllie', 'Orleton', 21, 632.6, 92, '2017-04-27 23:06:41'),
(213, 'tschankelborg5w', '173cab32fbe5ba83a2e8730e2846e536db36854ee7f793a96f2a41fecbae43dd', 'Thorin', 'Schankelborg', 54, 3404.23, 76, '2015-04-14 21:35:57'),
(214, 'apovah5x', 'ebf9b0183c084ae0dfc06574b2d7867f6628ab586371c25437a74a70b3ff7e07', 'Arty', 'Povah', 54, 1684.63, 88, '2011-05-22 17:30:16'),
(215, 'dmungane5y', 'fa554a91657ee30f10246c9736ebadc28bd4a8fbb6da5fe1532a9dd634769e87', 'Deloris', 'Mungane', 66, 866.69, 104, '2010-04-23 09:13:19'),
(216, 'nleborgne5z', '8e50016eda72b90be3c11996c6f58384c5b1ce4a7f5da7af97d6aa56d1625751', 'Nelle', 'Leborgne', 38, 4158.23, 65, '2012-09-11 11:03:34'),
(217, 'sgraal60', '054c7dadabc2466ee81c97a2a8b8dcbe70e57570b6660ac11f1495f003dbb8d0', 'Sheelah', 'Graal', 42, 397.77, 82, '2017-05-28 06:34:17'),
(218, 'oramelot61', '9324483d17e5d53205d281ae03b6dbf31edd57fcb17e89c65e2f82a937a4369e', 'Ozzie', 'Ramelot', 70, 3874.05, 74, '2017-07-02 13:01:23'),
(219, 'fshorland62', 'c4aa961de0872bc373ff91a691b2085becf10ea2ce92788fc43c2c69e5239db5', 'Fair', 'Shorland', 71, 204.01, 64, '2017-01-11 20:12:22'),
(220, 'rbemand63', 'bdef6d459f44b40516776f43a8ad1f40320ed4d9e42e35ddca24a55a41909d36', 'Ruperto', 'Bemand', 44, 3527.49, 63, '2016-12-18 05:51:13'),
(221, 'sscothern64', '958fa1665369e8c059acd27fd3b98e586779f71f9765ab6bca1e3ab9ba9d67ae', 'Shina', 'Scothern', 73, 1967.94, 54, '2019-07-15 19:36:24'),
(222, 'ekurton65', 'a2e4e408ca26bd1cfbae75d4ff873b0d2a9f34c828b19efc81da3c98a337ce86', 'Emmy', null, 24, 4277.77, 97, '2019-11-26 10:53:31'),
(223, 'einchbald66', '705161652caf7514f8cf0fc27e5c8d1b0e61e47e8bab5fb66b6c29130d3076c6', 'Elset', 'Inchbald', 71, 317.4, 50, '2011-11-25 10:50:08'),
(224, 'xlawlee67', 'a1fa3f64d4ddfdc7a8f5ed004ab695bc23b358ab07e6720e3d5ba012f8f8e0c1', 'Xenia', null, 68, 998.06, 52, '2011-09-08 21:46:27'),
(225, 'dnolton68', '0edc3b04895739bd1e51883d303aeed32f3294e52e39584d2501365464a96432', 'Davin', null, 24, 942.54, 20, '2013-10-27 10:11:42'),
(226, 'mhaddeston69', '14abc6cad78e67bdd8fa2241317d188f0c7d784a9448582a86db59d102a62e94', 'Marie-jeanne', 'Haddeston', 47, 1656.66, 84, '2017-09-27 22:15:23'),
(227, 'tmessenger6a', '7efcea5a64dc41f891d3b738a6ac5afd464cf6aeec770b8b85d52a669a44490d', 'Trstram', 'Messenger', 34, 1449.87, 70, '2012-10-20 16:31:23'),
(228, 'rfaithorn6b', '181abb34ad572bf13f628860f1147ab6f537ab95cc216a36d8b92e7512ef4291', 'Rod', null, 50, 915.98, 72, '2017-07-01 15:23:15'),
(229, 'bwoodrow6c', '565ec1c353cb379442d5b970f5f0aa4380c285cc9653dd1631a54bb2e8dbfbc7', 'Burlie', 'Woodrow', 71, 1776.34, 116, '2016-11-29 02:51:25'),
(230, 'eorniz6d', 'efdc02a18fe36223ad64b2b02370611369fcc177c062072b1bc0347e2ab2877e', 'Eirena', 'Orniz', 38, 4947.94, 58, '2011-11-22 06:41:45'),
(231, 'epessel6e', 'fa2ea05bcbbd699e7d2cd52d350701277311be2d51579fcd3f9abf86331364c7', 'Edithe', 'Pessel', 46, 2323.69, 122, '2018-07-20 15:41:38'),
(232, 'dlabbey6f', 'bc04d031739db807ec7485beafca5a473e09b8d37a57d5670072046820ee1ba3', 'Durward', 'Labbey', 23, 2606.69, 33, '2018-02-22 19:58:14'),
(233, 'psexton6g', '6a066ca55e4ede7cc662df25aff6b5919bff8086d080fb0869534040ee325638', 'Priscilla', null, 20, 589.0, 74, '2019-07-29 03:54:54'),
(234, 'eknell6h', 'e86f4802ac5a0f58779dd616098fc0cd1d21350c120c7420879b80aa12b90a15', 'Evvie', 'Knell', 77, 4550.97, 35, '2019-04-30 19:26:39'),
(235, 'alosselyong6i', 'a8a60c74452587b7f760f4a49fecfebffd8b37a1e5c763a64ca3efe35d11e3a2', 'Aube', 'Losselyong', 75, 3658.0, 96, '2014-10-10 10:46:36'),
(236, 'roland6j', 'fe534665b5c193b23beaab953bf8ece0b971d99dc5d0a5d6eea75bf19e766c1e', 'Rasla', 'Oland', 53, 3736.97, 43, '2014-07-04 19:32:50'),
(237, 'rzanetti6k', '9428eb6737eb25e068df8671fc5c9d71adce2e6167fea9aa40bc9e6d3f5d8951', 'Rosabel', 'Zanetti', 56, 156.06, 113, '2015-11-26 07:00:41'),
(238, 'esoreau6l', 'bff4f44967b7ea2752981874a80ba9974b64fe91aaf25b6cda2496988a44930e', 'Emmett', 'Soreau', 73, 228.1, 21, '2013-03-23 22:31:37'),
(239, 'smatchell6m', '120495c445113840db8b86a1e4d466fb87d0f0d9ec3655159b5ca30f6cef8e39', 'Sybilla', 'Matchell', 71, 4512.61, 62, '2013-04-23 14:44:13'),
(240, 'kverheyden6n', '961c1c1f9c62f01e628e686ea80d7bd1c849e9dce698bf09a1a4f732d57b17a2', 'Kelli', 'Verheyden', 70, 2916.36, 107, '2017-04-10 05:50:53'),
(241, 'gtoke6o', '8b182d7fc215156bf4497d79fcf86ecd20765dcfae138ef9f979ade176ff5308', 'Gonzalo', 'Toke', 25, 3486.79, 81, '2017-06-23 17:37:50'),
(242, 'hjoyson6p', 'dd90ee4a5098a0f8732a7dbc25974dc2669c580248f79ebbf254412dc2bb097d', 'Hastings', 'Joyson', 28, 372.48, 87, '2012-03-04 15:45:49'),
(243, 'wlamberti6q', '50b4f7a3c1c7c4c218913bf14e90933fb843251f979b3be25ec656f821d639ce', 'Willard', 'Lamberti', 37, 275.76, 33, '2016-03-15 22:55:46'),
(244, 'lschade6r', '5c1106c33ab9f42ac619b21732039cc0843402d5f2a1a3d9acc5d70fee67a8ab', 'Lukas', null, 18, 2950.82, 34, '2018-02-21 23:45:04'),
(245, 'ggwinnell6s', '3325914d6b04f0864589fe1fb9a923d68efad445ab61ec0487e32dd2ceb84cb6', 'Geoffry', 'Gwinnell', 78, 3708.14, 23, '2015-09-25 17:45:10'),
(246, 'wkirkup6t', '1ee27f214cb12ac5f80cdd3af9daf8b18cf30d2593fe86887490548505374a57', 'Wynne', 'Kirkup', 45, 3343.64, 10, '2018-12-16 14:52:18'),
(247, 'sjosselson6u', '876a83b359abd9b80b284293c94eb1a053a67ab03ed8dbff5dca890fe6c17ac7', 'Shanon', 'Josselson', 21, 258.38, 104, '2011-01-25 11:13:53'),
(248, 'phayth6v', 'ff54e02063cf9576a7e7b50c6ade86fd9f1843edf171b48aa927c6fb0efb52d2', 'Pancho', 'Hayth', 33, 1887.4, 33, '2017-09-25 14:00:57'),
(249, 'pjedrzejczak6w', '14e26921d0059ffae7833f8a59095718b1ad7f04488023f6419357f89e48375f', 'Phylys', 'Jedrzejczak', 76, 2434.35, 2, '2012-03-12 21:50:29'),
(250, 'wgrigorio6x', '642961ceb5a3205d74cf49cfb3ecda23d55c963e05bebe6bfa94b585ecb00073', 'Wainwright', 'Grigorio', 31, 708.25, 89, '2011-04-02 21:54:59'),
(251, 'aoshevlin6y', '0b9f82ea819b59de40ac8e0217a3401567cdd88f5a0aa5ab3c0594210f3b0ef2', 'Annabell', 'O''Shevlin', 78, 3291.21, 111, '2016-09-09 12:17:53'),
(252, 'dcovotti6z', '00f86bb11d99c5dd6811dc0f67aa690b5e921aae66ad80196c26754e43489205', 'Duffy', 'Covotti', 75, 4777.71, 2, '2017-09-07 10:20:33'),
(253, 'cpailin70', '1f3eab3c5c615d2cbea6b7a50479d6a0445e70a7b8ed753d17b3ae2dbf90a459', 'Cirstoforo', 'Pailin', 45, 1089.93, 32, '2017-06-30 12:44:38'),
(254, 'pmccumskay71', 'dcd869025af595f29e62a39f9944ee72584e4f2c47afe3ae2871aaf4b696c5c6', 'Paton', 'McCumskay', 25, 3001.48, 81, '2013-09-15 11:29:08'),
(255, 'lsaunderson72', '72f3f92d60aae4fdb0a93b8699090542d80befac551b873483f80bb6c5b2c7e3', 'Logan', 'Saunderson', 79, 2143.25, 26, '2010-08-01 22:07:09'),
(256, 'ppennyman73', 'ea29e3d7f1d277609ca2a005620d83a066bc9d73df991b07ddcca28e85428e72', 'Pryce', 'Pennyman', 39, 1879.54, 72, '2013-04-12 20:37:18'),
(257, 'prickson74', '3a0076c59d4f601232c0dea5d58382f0115fe5b5517254540f1708b6d739af5d', 'Paquito', 'Rickson', 56, 370.44, 81, '2018-04-09 20:18:15'),
(258, 'yskipworth75', 'a7fa8f5c83045137410cfc45e058cf89f60fd31d30db6b4e43f90fbb83262595', 'Yardley', 'Skipworth', 60, 2354.52, 104, '2014-08-23 06:35:15'),
(259, 'mgabriel76', '2fe1749ce7d8185ab73672c6954b464ec0e271fbe07a83cf526501fe866c0c97', 'Mac', 'Gabriel', 72, 4864.55, 50, '2017-11-07 09:26:09'),
(260, 'tbowkett77', '5704b675995a61e630f007ea55b1dfd02df9e60b5bc4e0dc920aaf1c5a8c2294', 'Therine', 'Bowkett', 19, 4789.59, 87, '2018-01-13 23:39:55'),
(261, 'hannon78', 'f29a26d150d7c30b31167d8892bb81fcba0a9fdef1645381b19bc2750531156b', 'Harwilll', 'Annon', 68, 1656.96, 61, '2017-04-21 05:14:44'),
(262, 'vmatthewman79', '5a3886dc2fdf6eeaa8bf2c1bb0c77bf1b83ce1c0f8be99528512d8eb17c70fd7', 'Vera', 'Matthewman', 30, 3346.93, 10, '2013-05-16 20:46:16'),
(263, 'lquartermaine7a', 'c7675529abd0485d5de550cf7968e98b3d840724e9b770d8032a63d0d56fb79c', 'Lind', 'Quartermaine', 78, 4177.3, 65, '2011-05-25 13:31:17'),
(264, 'aclemenson7b', '59d3ee8207191d396e430b545682eab795abe1dac392a0f171bd4385b4052368', 'Ahmed', 'Clemenson', 67, 2259.37, 46, '2014-06-14 16:55:30'),
(265, 'mberan7c', 'ae6144888dc94caadd3277ece5f0ea6cfda0f41279c807182eb16e9f1d56474a', 'Miguel', 'Beran', 70, 1371.47, 84, '2013-03-12 17:15:19'),
(266, 'afensome7d', 'ce9a6c97db5414ee417eeb88e7f321833670e27d50179b6ee0ed7d5706685a30', 'Ammamaria', null, 32, 1457.16, 68, '2019-01-14 08:51:50'),
(267, 'cgethen7e', '78c9540bbe74a4af85db2bb554f5a75587cf8536f8e22581603243ab27a65bc8', 'Cacilie', 'Gethen', 30, 4974.56, 90, '2013-09-24 17:37:27'),
(268, 'scasely7f', '47d6f4c675a79b8730112492a937a725c2c85605cbb3323008c70e890fe8351c', 'Stearne', 'Casely', 72, 3953.82, 77, '2014-12-13 10:38:47'),
(269, 'llarkby7g', '1831df836459bce4e6a87cb3079c2f38b25ec7a9b9ec4856a6bdeb22aaba877d', 'Lorinda', 'Larkby', 55, 3058.33, 38, '2018-08-20 10:28:58'),
(270, 'ccrouse7h', 'e9edd8793538c68bc321d022c11f7f502af10ab1c9642fa774c8d4ff3b9189ff', 'Cam', 'Crouse', 34, 1015.68, 90, '2014-05-30 04:28:05'),
(271, 'dtierny7i', 'acd1c086a83209e39c1988f6396f69712b944731f71b86ec8295a7aaaa9828f5', 'Dallas', 'Tierny', 60, 2496.07, 15, '2014-04-20 12:05:29'),
(272, 'mbadman7j', '90181e85da7fe86787457b7b751ed3fac6b592bfe4634c0932137d843f676a15', 'Merline', null, 68, 112.09, 22, '2016-07-01 05:42:03'),
(273, 'mpoleykett7k', '0172e9f94c4d0fed5e73dfefef168a028dcf0f8db8adfcbb3f56885052d80fa8', 'Maggie', 'Poleykett', 53, 862.35, 8, '2012-05-07 23:28:15'),
(274, 'cbugge7l', '1b53621c4a015aa627ff963367ab20df7c2bff5c7b248515010cb6c55d2b0b7a', 'Cherin', 'Bugge', 71, 2401.16, 74, '2010-01-08 10:35:41'),
(275, 'ehows7m', 'b2b5f37f85867f890471db932996297f3ed547fc2a3e98559f9b63eae88770b1', 'Emmey', 'Hows', 37, 4653.39, 71, '2011-07-21 15:47:10'),
(276, 'asemark7n', 'eca7c41b8855d80668afa39b5bfa4d8ea5c9bfb4e2e86595d583b80ab72be317', 'Ade', 'Semark', 52, 1235.14, 106, '2017-07-06 09:30:13'),
(277, 'dkindley7o', 'cc1a149850f3851cdddb9dfaba4d809f13fbcd995c91a1a3652d9cb4d411ce61', 'Dinny', 'Kindley', 47, 4015.54, 108, '2018-12-05 12:05:44'),
(278, 'hlander7p', '1755ddb1262d076e1287485ab2fd8c619d185569952a2be443a7afe59b15a206', 'Hall', null, 68, 4729.91, 48, '2014-02-15 03:22:02'),
(279, 'bdovidaitis7q', '86204ebf5d421fe73be3891b99584d7023b9460662eaa1c2b6fca86aaa82edbe', 'Barbara', 'Dovidaitis', 52, 2399.44, 15, '2013-12-07 14:34:17'),
(280, 'gmcpheat7r', 'fa0c400bf11ace7804d073f58b8a5ac99a6a6212fb911df4a539cbdd88fa7cb1', 'Glen', 'McPheat', 77, 808.5, 37, '2017-05-26 04:18:42'),
(281, 'cgeck7s', '96ffced8c801914f5b003211cd7b41a396d4772b023f70f3b1e26f56f82115b3', 'Claudio', 'Geck', 70, 2579.7, 94, '2014-11-02 18:21:08'),
(282, 'pdevenish7t', '8765671e44a278c555da14be5d84a02161c36634eebb9b75bf7b3754f1fb43f6', 'Peta', 'Devenish', 33, 3628.98, 113, '2017-02-13 02:17:33'),
(283, 'mpellitt7u', '2f8df315c79412fece9a4c2a0c7dafa42c20bfb4afa24a0e22b7760d5f036b61', 'Muffin', 'Pellitt', 49, 4699.0, 61, '2013-11-09 23:51:47'),
(284, 'jarndtsen7v', '39c3251322c648f64dacf138358b54eac386312f51a8eb1427edd692f116e94f', 'Jeffrey', 'Arndtsen', 58, 4226.21, 18, '2011-02-26 05:08:48'),
(285, 'sdevaan7w', '3457a627c2f369ccbce7244ff83603c3c5638b3d5d11edbda467fb46c6bd5aad', 'Muffina', 'De Vaan', 39, 1158.29, 62, '2014-08-14 17:44:21'),
(286, 'tarthy7x', '174a0ccc4a4999f4ac2aa1520abc79a6871380cbf38413d0abc622862647107f', 'Town', null, 70, 1680.66, 63, '2019-06-07 12:20:27'),
(287, 'vnulty7y', 'ff3454ea1a7ecec4d2fc7ea1c0d286d200eab33ed8d2f288935c7a701b80fdbd', 'Virginia', 'Nulty', 50, 2000.91, 35, '2018-07-04 16:45:34'),
(288, 'mbadder7z', '8ae48da39533692de5c97bc4dd3b93628a674e51ec11a095d553b726e19434ab', 'Melosa', 'Badder', 56, 4584.19, 92, '2013-05-07 08:25:57'),
(289, 'jmessingham80', 'e5bf060bfdae5021f5f593f07c54b0f6b9957957a73a6535194607cc55f988b6', 'Juline', 'Messingham', 61, 1148.85, 40, '2013-09-24 02:16:50'),
(290, 'flebreton81', 'e0d3e5ff39d635048332e458ec0347c881c6ab24281a796f33ab5d6ba96aec59', 'Fredra', 'Lebreton', 28, 221.13, 75, '2012-04-14 02:45:58'),
(291, 'dblethin82', '322e8132c963e3634a983f96f25ea7a3f4e6f4eddcd214cb51d4be9108afae7b', 'Daphna', 'Blethin', 34, 206.24, 46, '2012-01-09 17:29:15'),
(292, 'hvreede83', 'bfbf1aad001772137540b6d1ceabaa12434c01a182c3f14e93fd6175632ecb7f', 'Hunter', 'Vreede', 51, 4597.82, 122, '2012-09-21 21:46:21'),
(293, 'hivan84', '2f40c5ac162f5663d1df587f2c06c3b2cfde3b593f7dc547836497d734ca8170', 'Hettie', 'Ivan', 69, 969.4, 102, '2011-04-16 05:12:05'),
(294, 'movett85', 'd658b2b05c6e19978c2b3db3de1e55d17c7cc891628df41304b27358287d489b', 'Marmaduke', 'Ovett', 23, 3406.39, 57, '2012-05-12 10:32:00'),
(295, 'tcosford86', '0f4ddb45fd9edf476e11700fcaa13b92f56caae25867ef023de67a53424d94bf', 'Tonia', 'Cosford', 36, 2272.11, 70, '2019-02-27 11:27:14'),
(296, 'vkingham87', '6205e48f802b1c785fa855d9a7edde7dadfcf2506c30f56090ddb7673235f4fd', 'Verile', 'Kingham', 54, 3456.69, 99, '2016-12-05 14:50:25'),
(297, 'mmervyn88', '170589aab8d3dc50fd7b4aa282138ae846721848d18c44d726f57bfe5b1d1345', 'Margaretta', 'Mervyn', 65, 3808.07, 14, '2014-10-05 22:32:54'),
(298, 'nblacklawe89', 'fad87c228b11593f5eef49d90adcdd6a11bde3e05f10c8e3553396e633930c6c', 'Noreen', 'Blacklawe', 35, 2474.04, 120, '2013-08-01 03:45:38'),
(299, 'astebbings8a', '236ca1a770e90080901fd61e71351193ec78728c73953246a0c2bc9b673fdaeb', 'Astrix', 'Stebbings', 67, 1860.22, 49, '2011-12-08 14:48:36'),
(300, 'tmogridge8b', '744db586e34c46e64c39fd020fb7d7b1ad6806e1dfb1fdcc4dab8b7e4506ce58', 'Thornton', 'Mogridge', 32, 2102.64, 33, '2014-12-06 01:45:33'),
(301, 'ealtofts8c', '9a675054d93b7b6addeadb52df66a2a3eb0d55dfdf6a2f00a68373ee67421f36', 'Eb', null, 58, 4894.36, 39, '2012-07-02 20:37:26'),
(302, 'flingner8d', '718925989ff98c267d94073a4d257f120c79b4c74c74041e52f735ce258666fa', 'Fields', null, 70, 790.8, 88, '2010-09-27 01:30:44'),
(303, 'tjaouen8e', 'ce93c4ebc234f2981f80feca63f475705d799f5d9e3d4cf4273e85241cb15b10', 'Tod', 'Jaouen', 35, 937.07, 17, '2013-04-02 15:41:21'),
(304, 'mtanner8f', '3373090cb700d8b08be023d5f78ed6d4060836f47ca19db8ad990988539a798c', 'Melinde', 'Tanner', 32, 1445.16, 29, '2018-11-14 10:07:47'),
(305, 'aslater8g', '752b9b7ec118c1102a21f1dec9b1e8115d3f6999d677c0910cad1851aea53063', 'Aindrea', 'Slater', 62, 4032.87, 125, '2010-05-11 00:08:38'),
(306, 'eespada8h', '4ce754abe1ea47aa273bf0726083ce29e624d9b48200aab53134c5a969cb12e1', 'Ertha', 'Espada', 61, 4082.31, 112, '2010-06-12 08:48:24'),
(307, 'lleprovest8i', '4a49bc188a1e2e036dbf251f56b5fd8da883a0c4a9e9f213aa3ae510a13155ff', 'Lynda', 'Le Provest', 45, 1474.47, 39, '2016-12-21 06:52:03'),
(308, 'eradford8j', '4f8f61b839850ad71f909ba7d222f7e698be3fd4ddc355419f5f8cc539f7e1bf', 'Early', 'Radford', 27, 3853.65, 11, '2019-08-07 14:22:18'),
(309, 'tdeane8k', '44d8e8e00a3411b73ff1edf2d0819fbc767645496c9708d6e44e4d7026a5e47f', 'Trula', 'Deane', 69, 858.51, 51, '2012-01-04 05:34:05'),
(310, 'cbrace8l', '846278484d0a571fdd67b53b3067ffbc92c75c09668b3c47dc697dd51a138f09', 'Constancia', 'Brace', 27, 2828.8, 20, '2015-07-02 20:05:17'),
(311, 'gkochel8m', 'ae1df83485c23265056156c821c8981a6168c4c23e5e1b55411b0cd7b3be0875', 'Guss', null, 54, 344.38, 31, '2016-08-01 21:37:12'),
(312, 'dakenhead8n', '49b920d9a458901032aa4ed743244e74b47d30dbc569c678522d45bc96c347cf', 'Dean', null, 68, 307.93, 66, '2019-04-09 20:16:44'),
(313, 'bleuchars8o', '92796848a3c71d15407eeabbc1070ac3585479568747b6bcc4ce1700fffc8e5b', 'Boris', null, 65, 301.86, 21, '2016-07-18 03:16:49'),
(314, 'atinmouth8p', '240d5d64b3860a1ca7dfa2f3e3c31578c9542218e7ef23db8b6c1c35d32dc203', 'Allistir', null, 43, 266.09, 117, '2015-04-18 03:40:08'),
(315, 'stefft8q', '6ea73691965a681e4ac58cee13a58079f5627d1f096981b5bf6d3465a8fe0316', 'Sophronia', 'Tefft', 66, 4254.2, 36, '2016-10-01 14:31:49'),
(316, 'ljeffree8r', '3c195f02f390ac564f14020af745bfb392844631f473761dcf667a66892eb158', 'Lauri', 'Jeffree', 20, 731.97, 107, '2019-06-10 18:53:50'),
(317, 'tsharkey8s', 'ba91ad15eb135f56a870db994e5ff20dfcebeddfa157a8ac209e294c72166e41', 'Tiffy', 'Sharkey', 61, 4371.08, 60, '2010-07-27 11:24:24'),
(318, 'afarryann8t', '3081d99bb166b12ff0841eb1a73fa0e0f3b8f00a520fd9f219a9e7bc6ed2ea16', 'Addy', 'Farryann', 59, 1325.55, 97, '2014-02-26 16:41:24'),
(319, 'cree8u', 'f0fe5a92db8a7d5c6ed320e5ab3ad3dd22e822eb73b41326fcc672e85ed60f17', 'Clive', 'Ree', 71, 3561.61, 89, '2013-05-31 07:54:28'),
(320, 'tsiemon8v', '1308008b166a702585bbdd7a85069c2724ec4816e5cdede056dc23c8d9d9c2d4', 'Tammy', null, 25, 4637.61, 127, '2012-05-25 14:59:15'),
(321, 'nsmales8w', '3cad6709aa168c3c510bcd0961fa5dc4260b22ce4a684daf79f59b55cdc8bf88', 'Nollie', 'Smales', 44, 841.07, 105, '2011-03-04 22:49:17'),
(322, 'bagerskow8x', '2250ced5debcf1b2869b17cb8911ea4c6fead0b95bda2b1911d928eb0d09852f', 'Branden', 'Agerskow', 44, 2009.02, 40, '2018-11-01 22:39:55'),
(323, 'rpilmore8y', 'afffc421104ea1fbf57a4f35b5ac150fa499396d9dc364aa85a0cfd790daae7e', 'Rayner', 'Pilmore', 29, 4161.93, 14, '2011-05-02 05:22:23'),
(324, 'kdomenici8z', '7a7fd0925b6d45fb334c72f301a6de66698a3dfa1566d583b0abf3632d2e37b9', 'Kaja', 'Domenici', 41, 1512.62, 106, '2014-09-03 14:04:45'),
(325, 'nantonovic90', '11a69ae140f2e992885e361fa208f5c25247a59c67c5c08340c5675903fdf86f', 'Noe', 'Antonovic', 26, 117.36, 81, '2017-04-21 02:30:20'),
(326, 'mcoit91', '271df4e154cb44ecdc13e9e5430d082ab0c51816ac5bd954ad27b162535d22fa', 'Maddalena', 'Coit', 50, 3428.82, 29, '2017-04-20 15:24:37'),
(327, 'gdeschlein92', 'ceae9093fc310b1496a365a06ca2992a6d5ad7e0051eb8c347c83f2f28419a73', 'Gradey', 'Deschlein', 23, 3136.23, 34, '2015-01-12 07:22:11'),
(328, 'hneed93', '1897dcefc384dbf8450b4ffc9740698930adccc959b33da463170a4d7600a958', 'Hyman', null, 53, 2127.61, 67, '2016-12-13 09:26:29'),
(329, 'edilliston94', 'b5e2ba604674f8141ff316f1111f69982a4c3c242b682354110b092396309a3d', 'Everett', 'Dilliston', 30, 3684.98, 1, '2014-07-20 00:33:44'),
(330, 'khoultham95', 'b21104e27dcb3e13524ae71930c07e4aa21fc507c1670c372030ee3115414725', 'Kleon', 'Houltham', 35, 4887.54, 98, '2010-05-06 07:50:33'),
(331, 'wblacktin96', '01fb14a54df15993e786f3a4d8bae7ddf93029198ecbb6f48fa280f70fb59a60', 'Winny', 'Blacktin', 41, 2552.58, 92, '2014-11-11 04:31:47'),
(332, 'ghuskinson97', '57f255705d48d10f08aedcdfeac418255aa5e7a54f789c0802fed9185ae7b724', 'Ginger', 'Huskinson', 43, 622.54, 52, '2010-10-30 04:08:06'),
(333, 'tlarmor98', '940f94a5d7250d7a012d2b8f1b8183c278b6fbed3c17d6f266e5a65bdd3b47c0', 'Tamma', 'Larmor', 39, 28.48, 16, '2018-08-16 18:49:36'),
(334, 'lhulance99', '1fe5fc8d4add2be8b56f94efac68e0e2dc702dc8af3765d34ec1097864379a4f', 'Libby', 'Hulance', 33, 4683.88, 54, '2019-03-23 23:13:28'),
(335, 'cwybern9a', 'e25b5a133acbd23bf28f491e9e5def661761fbeb6b1a898ea469fc229d4221de', 'Colet', 'Wybern', 74, 2749.12, 15, '2018-10-29 07:06:41'),
(336, 'gbaynam9b', '6941e87b8e07c167bbc548f6d8f831b4ef3177996287a50d99938e51e98515d7', 'Griswold', 'Baynam', 23, 3535.21, 34, '2019-11-06 22:14:29'),
(337, 'rhankins9c', '14e1c456452a7e6501e225406c59c5f2f1f98c23f6c912a6bfe247da91f9ad2b', 'Rici', 'Hankins', 64, 813.42, 21, '2018-06-21 11:24:00'),
(338, 'mpaxeford9d', '9de403d856c113e4cff4e7034c75291ada62b3256cfd61295886d832ea895008', 'Maia', null, 45, 898.81, 29, '2014-12-30 13:14:19'),
(339, 'rbryning9e', '694926ca33b7fcba7c921de2402530fdea4ddb54fa80f0d5f3e1d44361b5f80a', 'Rosemaria', null, 48, 4345.57, 94, '2013-10-13 21:14:52'),
(340, 'mblackster9f', '7373f45439e21c5234a8abcb093e360019cfc5d03c8747907bba5718d5ccffa0', 'Myrna', 'Blackster', 56, 2750.74, 81, '2011-08-27 22:44:55'),
(341, 'dmoulin9g', 'ec3a5a3294406d7873ab6d1db08fcf98b93f7bc6065ec94b52f802382d8a376a', 'Deane', 'Moulin', 32, 4444.72, 97, '2015-12-08 21:22:02'),
(342, 'bdolligon9h', '9e5716f8841f761edce2b6b1b7662b4f75aa2232a0687b6cefbf045b35605792', 'Benito', 'Dolligon', 38, 2669.77, 86, '2010-10-04 12:12:23'),
(343, 'whestrop9i', '9f045943f946ada774fdf79818b7c75ee00320bd62b380ff4049726b3fc3a71d', 'Werner', 'Hestrop', 54, 800.36, 119, '2012-03-14 13:09:13'),
(344, 'deakin9j', '375fd422e7bb014925fcbc319af5a197943b9ffeb7f01f859a3a0e2819c5b187', 'Daphne', 'Eakin', 47, 885.73, 65, '2014-03-11 03:38:24'),
(345, 'wogiany9k', '5b4de31c9c4ed950ed7b0b3d0f509771ff8aebe966ecf15fd138d41f34f447df', 'Wendye', 'O''Giany', 29, 4021.53, 31, '2011-05-19 15:15:05'),
(346, 'apaszek9l', '3258edda484aad78d9d401eac573e6f77e586250132f078074232aba27947955', 'Antone', 'Paszek', 44, 4954.89, 32, '2014-02-21 05:53:59'),
(347, 'ndumelow9m', '338c20cddfbfc3ad311f419b3a7a4bc14d3c547dcd8eff0e8b3eb970dfbd579f', 'Nadean', 'Dumelow', 77, 677.66, 21, '2019-06-26 15:37:45'),
(348, 'cpinckstone9n', '8ed6390b835aed95309fa7522c68c212b92a9ee401f49d6271ed93d453b33279', 'Courtney', 'Pinckstone', 32, 3972.88, 102, '2017-03-18 04:43:21'),
(349, 'ckeling9o', '13a7965c994ea90d46cff91a291871405555c1f305e70b205262cd44d16e6773', 'Cyrill', 'Keling', 29, 4554.52, 10, '2017-03-07 19:03:02'),
(350, 'dtrenouth9p', '2dfa98de88bbb73be7996e13ffc92d2625f7e4b831738afe0d3db726a90413be', 'Dwain', 'Trenouth', 30, 2608.25, 120, '2014-04-02 07:47:42'),
(351, 'kmacmillan9q', '8ef024eb6a919d55bbdc011a2ec51578373aa8bf337bcd30caec8046bac4789c', 'Konstantine', 'MacMillan', 57, 1156.34, 27, '2015-10-09 21:54:01'),
(352, 'jdegiorgio9r', '8a0d30cc6e505212408e1a1b7b94f2f058f8145c71dd1acd2d8af2fe7f4b892d', 'Jesse', 'De Giorgio', 23, 3218.73, 111, '2013-06-20 20:51:20'),
(353, 'srosbotham9s', '4499efcc3c953411f37445f58170263f999be5900532d79b02d446befabbfa48', 'Sidnee', 'Rosbotham', 22, 1754.3, 124, '2015-08-13 03:15:57'),
(354, 'awinsper9t', '78f41d523498adddc7abf4d568be5c865a58ff967d73743c69fa7120515eef29', 'Alika', 'Winsper', 57, 1613.91, 3, '2019-06-21 14:08:30'),
(355, 'mbuckell9u', '8068a3fdcba74629b92df3eba26c106c5aba656144b30cf086c0455006cc16f1', 'Mitch', 'Buckell', 41, 2609.86, 105, '2011-12-30 13:43:58'),
(356, 'jturton9v', 'a001907524b061d09badbf846e5ed6d3e276f5db3c2f8e1a79fc5afb41a03972', 'Jone', null, 43, 478.38, 27, '2014-06-15 18:49:03'),
(357, 'diaduccelli9w', '6a9b57bca885a8d90266de53e84cc128ca66ad678342e6fc237fe2d8612489f1', 'Drud', 'Iaduccelli', 74, 2135.59, 65, '2013-01-26 19:26:11'),
(358, 'dbrough9x', 'f64a511cff63a4394b34ef08e9567a2e10dfdd49862b5c67d0d27d5d85da3171', 'Ddene', 'Brough', 60, 1295.24, 122, '2011-08-10 02:01:54'),
(359, 'cstafford9y', '85392a5ff7e28a410cf58fc1a9392a01b7f160ba3da64ee640fcd5d413ad0d34', 'Charlot', 'Stafford', 56, 4720.37, 113, '2018-04-09 06:04:25'),
(360, 'mmoff9z', '449d6a4ff8a1761c3aa525c5af5a2cccbf8362ff0b7e5010bbc861639b640840', 'Meade', 'Moff', 21, 1990.03, 24, '2017-10-09 08:57:59'),
(361, 'roneila0', '93ee2cd41295570971f20a664697d9c0f2c70a4faccc87ade41feefec1c94f16', 'Roxine', 'Oneil', 18, 2922.64, 127, '2014-03-05 03:38:02'),
(362, 'glearmounta1', '180bfb63a46fea889ebe21e241f59a2e6eb660a75c0f8d486b62a95ae87c20be', 'Gretta', 'Learmount', 74, 738.63, 34, '2016-02-26 08:22:03'),
(363, 'msalzberga2', '3cca0c55ec4e8890dad6d7fe6d587ced50733f38ec1d9c8348433b76a04c66fe', 'Marc', null, 56, 2888.35, 22, '2012-07-22 16:35:15'),
(364, 'asokilla3', 'a06bfea7ea12b490d51a640f5f83e850e9a12e84e4e5f76445b7f36c0abcc729', 'Ariel', 'Sokill', 62, 1459.94, 50, '2016-10-15 09:36:06'),
(365, 'sfrakea4', '1b17bba80488a40a19dda3b8817d4d393ce6784e54d920d1520a4c3e26b1772a', 'Scarlet', 'Frake', 28, 709.05, 25, '2015-01-18 07:39:11'),
(366, 'jbugsa5', '4b594e42b64a6cf75bc63a031def9b65b70515a552e5f7911557fac87f4ce659', 'Jacinta', null, 34, 2491.61, 88, '2016-09-03 03:46:04'),
(367, 'sgiberda6', 'f619f11a45aaf29832e2c7a24b3e97ce93c4bcd577af9548e1a2ec91cedc269c', 'Sibylle', 'Giberd', 43, 4193.2, 32, '2013-02-13 13:16:30'),
(368, 'jvanta7', '316bfc28f40999f1cafed09939817c78bf2c526766b988765def2342e95cca3a', 'Jesse', 'Vant', 56, 4899.51, 107, '2013-10-11 03:00:58'),
(369, 'cwormalda8', 'c47082d4d7a6edd4b60d4e618a00c83b0fef3eb725cf0a30f5bd991427e8907d', 'Collette', null, 66, 4171.93, 63, '2011-11-08 05:19:05'),
(370, 'dvearsa9', '41ab2f2aaf5a19bc60c9e9cd5cac843218c065042c5a3c89197881dc4a8ee0d7', 'Drusie', 'Vears', 36, 3808.84, 58, '2014-05-18 11:50:27'),
(371, 'acleveleyaa', '5d94de0ee9ab3114804203dae0223d213f72cd37d7ed991d2bf62db03028bc57', 'Aleen', null, 31, 426.78, 126, '2013-06-25 16:09:51'),
(372, 'hlettleyab', '1a02bade76f931951de469535d7fb07dab0254e9df9f59030f4f13e630051b5c', 'Henryetta', 'Lettley', 32, 1867.97, 48, '2016-12-18 16:22:07'),
(373, 'dgrayneac', '4510af6246f589f2ebcaa93ba163f2bccf7c03797afa2f823dc4d98ebdda50db', 'Desmund', 'Grayne', 18, 2644.77, 113, '2011-12-21 17:25:57'),
(374, 'llomanseyad', 'f9882bb9136e0821d95794cd6e74a6ca2fff1d2daa26c10a5c07bcf0e9518527', 'Lil', null, 54, 2322.64, 43, '2013-04-26 19:05:08'),
(375, 'ndowbakinae', '38885a73307204da3e3d73bf049c8c155cd7d54344ce1255699bba7e307c0b41', 'Nanette', null, 40, 601.55, 92, '2017-03-24 14:04:11'),
(376, 'abraimaf', '75acdc2b69e62a8e22cdddc450b35d7a935fa9b2bad5fe3b7e5814a34ebc49c2', 'Andee', 'Braim', 49, 3003.17, 47, '2019-05-21 12:25:23'),
(377, 'bcrundenag', '4114c631995aadf61d379b95aa3b2d38679030dd42a2090c41d8b9fd5ca91d68', 'Biddie', 'Crunden', 63, 623.65, 122, '2018-10-01 18:14:36'),
(378, 'bcazinah', 'b9b492cb67eddb2d48c445bac146923c4fac74967630c5c631dbf66a4ab56974', 'Brodie', 'Cazin', 45, 3889.71, 75, '2011-06-21 22:05:09'),
(379, 'bcornilai', 'f001037b0c2d03f601764e8df35a6da413b4bac5d31262a48416c89872bd438f', 'Boony', 'Cornil', 18, 641.66, 14, '2010-04-11 22:42:17'),
(380, 'acartmaleaj', '69051d2c6507cc87e3aebf35f6c2b962c2dbf928f17c3afd2d7b1a4dafccf691', 'Ariana', 'Cartmale', 63, 1755.72, 27, '2010-08-25 18:53:28'),
(381, 'mengledowak', '449bf9b13ba997b74d6d9a6f2602a5aace4b38531756e5b5158101c693df4c42', 'Maynord', 'Engledow', 37, 4053.77, 108, '2018-08-17 09:55:04'),
(382, 'khayal', '8c405b1c0b484fe60ee6eecf9fd50b16c6729a73e49e495db3edd8b38426b594', 'Kimble', 'Hay', 67, 2635.53, 119, '2010-12-31 13:36:58'),
(383, 'smacilwrickam', '31acef1f107e716f4d40b489728fe03b1ae7fb374b35cf99edcb06ae240eda34', 'Scotty', 'MacIlwrick', 44, 4354.47, 83, '2010-05-08 11:29:25'),
(384, 'fskeermeran', 'ebbb93910582177995dd683d1360e7580b10b462db544f3097076b49b03ee497', 'Fulton', null, 21, 641.46, 71, '2018-06-08 17:54:44'),
(385, 'ayokelmanao', '4469a2890ede74d01f96a1ac3b6846be24e086d94c59015ee00bc2d7298bb8cd', 'Alf', 'Yokelman', 36, 2392.41, 68, '2015-04-19 19:55:46'),
(386, 'rmeldrumap', 'f55ab8bdf7998b9c5a63c3e3d4a49818a5b57144c58e3e5cd8c0b80d53ac6df3', 'Rhona', 'Meldrum', 40, 2452.18, 123, '2016-08-16 12:35:33'),
(387, 'sscutteraq', '46175bd00961741d11a059e80b868f71f3424a367acf2efbdd8721e53c94de30', 'Sawyer', 'Scutter', 36, 1844.98, 51, '2014-01-27 01:24:29'),
(388, 'eeickhoffar', '0e4fa580b14f2e7d668b43ace6243a7e9cb4fcf79a9b8687f376dc19fee6aef5', 'Eadie', 'Eickhoff', 43, 4390.17, 53, '2016-09-22 01:14:46'),
(389, 'fdiemeras', '0e515a8e09aaf97fc6880c49d255c1abae5c9824abdb143ccb38f6ec03bf4181', 'Filide', 'Diemer', 67, 222.12, 54, '2018-02-20 03:53:16'),
(390, 'iarnsonat', '39159910ad470ca2fd8c59b59370ed81be014abbd1aa5aed3c278c7ed6bfea1d', 'Ianthe', 'Arnson', 62, 3578.79, 69, '2019-07-31 16:04:03'),
(391, 'ymoricanau', 'ca8937d54db181b4a2d816100ef796b6dfdad93df1365f101293bc6ee808b325', 'Yvonne', 'Morican', 76, 4480.4, 100, '2019-05-13 03:59:38'),
(392, 'lketchasideav', '09ae302c38b01718f5a9792aadc0dbba17ed4601d1923799697b123ba4c47246', 'Loria', 'Ketchaside', 40, 4509.89, 53, '2018-05-21 20:51:51'),
(393, 'bliggettaw', 'bd7ec3b68f04877d33edf324b06a3ceb3a15daf4e73c1196c47e0acaa88c40b2', 'Benita', 'Liggett', 79, 1534.39, 126, '2019-06-11 17:03:39'),
(394, 'mmcclochax', '18b5b03d3ce4b6c4c910e0137414c5f44da40ba9d91a24b3d089b2066662d95c', 'Margarethe', 'McCloch', 55, 2454.86, 93, '2017-09-15 00:08:45'),
(395, 'bscurfielday', 'd6219627585224f52630ceccc7d7a211062fa87f99fdabddc61b3efec93e1df9', 'Brita', 'Scurfield', 45, 3376.68, 49, '2019-04-04 21:13:09'),
(396, 'gvondrachaz', '3820019bf1d3f2501be242063f00bbb39f2a4e1953128522064a68c692a7914f', 'Godard', 'Vondrach', 54, 814.81, 9, '2017-04-27 03:03:07'),
(397, 'kmoylaneb0', 'c70857d435a652173b60a3bdee38bde7d91919eec19691e74984c7bb463037cb', 'Kally', 'Moylane', 71, 4131.97, 64, '2017-07-29 12:36:09'),
(398, 'sgwilliamb1', '8138d463c56977fa76c83d9e922bbef8cd9d7250a25b274a05ce7fce3dfbce3b', 'Stanislaus', 'Gwilliam', 45, 4004.57, 86, '2010-05-24 17:01:54'),
(399, 'acrosserb2', 'e37b350bd2744bf543462767a5f5c94ac7310ee3379fa876eae28973ade1a40a', 'Ailis', 'Crosser', 24, 127.11, 86, '2016-01-26 14:07:40'),
(400, 'pstutardb3', '79e86e8f9375d177b48e6fa6be9f4c7aac21df3ea6f86b10777a9edd3676c55e', 'Pearline', 'Stutard', 32, 4938.0, 1, '2014-08-08 18:35:46'),
(401, 'epenkethb4', 'a278317cee625711423053210756a6173e772f8d4a47789ea02738d5ce01286d', 'Else', null, 25, 154.49, 16, '2010-06-20 07:40:50'),
(402, 'aoxenburyb5', 'cffe4aeca8e95c3b7def2d73320b0a9663c0eb9ce995e0fa7c79903bf7d066ba', 'Aldwin', 'Oxenbury', 53, 1484.85, 81, '2015-12-27 21:48:15'),
(403, 'bgallehockb6', 'f5ed0b622b82d9d3cb1169a530dd0bfefae5630fc8d1ec362419a0c2c5b66346', 'Byram', 'Gallehock', 21, 2702.42, 67, '2013-04-18 22:11:28'),
(404, 'aambroiseb7', '2dec75719e4161316580bc3f3e5a4a0a607732af6edeadec09cc67abb0175a5b', 'Adrea', 'Ambroise', 77, 1940.77, 54, '2016-07-26 04:53:29'),
(405, 'odahillb8', '35ea0b3e89051ecf7fb6536b7d5491d4e6666f42c6936700bea7937d24fbf897', 'Osborn', 'Dahill', 57, 1627.95, 68, '2011-12-07 09:57:33'),
(406, 'cbohljeb9', '6e33c9b882b143603260a0daef325c8b18abfd045e8d13cccae6992674d25fb9', 'Conway', 'Bohlje', 46, 1393.78, 27, '2013-02-02 21:48:21'),
(407, 'doxtabyba', '73862dd42af2282d945d197ed2e823739c82499edd702804e7f7527bea720f20', 'Darrel', null, 24, 1755.17, 116, '2012-10-21 23:41:35'),
(408, 'sdarquebb', 'b6cfccf70902f219250232deb0e2cb0868f4edde2ae741a7edf4ddf7f5c5ff94', 'Scot', 'Darque', 28, 1661.54, 98, '2018-12-28 04:31:44'),
(409, 'bungererbc', 'd6b666eb433f3482f4d4e6cef684f338b96b16c9811cacb4aa08c1aa51c00dba', 'Brose', null, 77, 6.92, 81, '2010-12-04 03:07:37'),
(410, 'bpetherbd', '7360c8ca7a4de5a3b6fb4467a45b43516f4ebde706ee5cc669472d7c40a254a4', 'Buddy', 'Pether', 64, 4316.35, 93, '2010-10-09 03:38:13'),
(411, 'kcuttinbe', 'a73e077a48af53563fd49a46f98e7ec0ed15bc02e3340a144137ca11c75f2d3d', 'Kristel', null, 59, 2309.91, 34, '2014-05-21 22:46:48'),
(412, 'sshermebf', '716fd43f7d787369cfdabda579d9d5fbe9a15236b52ae18a1a1ed3595c9da849', 'Shela', 'Sherme', 59, 1736.9, 37, '2015-09-05 14:25:16'),
(413, 'iwhannelbg', 'a16812cd071e68f18a441fb288bd093aaac999b5d0f26f5de58abb4d1b11efc5', 'Izabel', 'Whannel', 54, 4534.61, 84, '2018-12-04 04:59:01'),
(414, 'ltileybh', 'a3a1bac424c9f16a9ad13c1c5b0940d8ac7eccbf8635fd5b557e8489f7168116', 'Lisabeth', 'Tiley', 65, 437.92, 93, '2017-04-13 01:21:16'),
(415, 'arisbridgebi', '1983c0b3c9d52a6ee60af3bfd7f8b5d4e5e12e8ba66a564bcea3bf9e7f0d3053', 'Alysa', 'Risbridge', 59, 4199.95, 66, '2018-08-11 13:47:27'),
(416, 'nmacnultybj', '4cc09e1f5a0e8a94bd9c6284c32168209c99f14d8f49d442a65132383a8c7288', 'Natasha', null, 38, 4913.3, 59, '2016-12-20 06:48:46'),
(417, 'dbrennenstuhlbk', 'f450bfd32b59e48aca99459530e1292058120bb9b6f1f0a5d922b8e32744ffc9', 'Dahlia', 'Brennenstuhl', 68, 3516.86, 67, '2013-02-10 22:21:52'),
(418, 'kkenforthbl', '7eaa8b416681d5fe3dc04d565331f49ca5f5835c436c12f0cd05bbfd95f157d8', 'Kilian', 'Kenforth', 55, 4851.82, 17, '2015-05-03 16:00:40'),
(419, 'swalsterbm', 'fb5ec29ad3ac7c22b624dda7a9665022355a44f4368f05571532d695ea996c1e', 'Si', 'Walster', 25, 4110.77, 115, '2013-07-01 01:51:09'),
(420, 'ddraijerbn', 'eeea9ce22abb71ab1491f0ae60b406a183daa99de274a1e76e3a4eea40dd77ab', 'Davon', 'Draijer', 26, 4793.46, 97, '2013-06-26 14:22:11'),
(421, 'fschildbo', 'f8d13c5132ace1c8920b38403ec0aa39046cec701219314b1b04eab1da5cf068', 'Faythe', 'Schild', 60, 1015.52, 123, '2011-10-12 19:25:45'),
(422, 'ebiggenbp', '15457fcbf5b5e551f2aaa8e3d32a1509daee2bd161090b3aeeb271c50ce956a9', 'Ebenezer', 'Biggen', 62, 4012.3, 125, '2011-11-30 19:30:07'),
(423, 'anorcockbq', '709bf5645461832f087acc3c7d8a9c51f29304f47e1f2d5a0b61ab960c3e64a8', 'Andeee', 'Norcock', 58, 357.47, 37, '2011-02-13 13:19:52'),
(424, 'mcharlsonbr', '3da88ce3e0056eeb4d20fb07a2a01a623af8d97409f97502f336dc528748a8b1', 'Mario', 'Charlson', 36, 2613.6, 31, '2012-01-01 02:05:09'),
(425, 'rcrippinbs', '0152157ee4962b9b373878585f2cdad8eea01018e825f13fbf4a6801ae978990', 'Ronica', 'Crippin', 48, 3912.83, 80, '2017-11-14 00:59:45'),
(426, 'hbraganzabt', 'c5d4158225b298edbc85fd6be824db6ff882c89efd6c01e231e004d82be7f0d5', 'Harmonia', 'Braganza', 80, 3333.05, 124, '2010-08-28 12:43:47'),
(427, 'bpedronibu', 'a93c8ac9ff33a99f10a35bcc2663039d4d445282a61cc58589da663ea1b3c3a4', 'Bianca', null, 63, 1713.93, 67, '2013-11-25 12:21:47'),
(428, 'bmograbv', '0f7ae921afc95908ccbc34d760d9a6587a0eb5d3a4d3fcef110d3234b9942f31', 'Beilul', 'Mogra', 54, 3874.32, 79, '2015-06-13 19:00:27'),
(429, 'jbascombebw', '37762e68ef5c9040fed05ec3ee3e2ab0a74c489328c142916af3456143bf5012', 'Jay', 'Bascombe', 35, 1710.34, 58, '2018-09-12 20:03:04'),
(430, 'ktrangmarbx', 'ae88652090e37a494ded0b3b3bf301c0a9443cdc42825f51abf2e853a57c0f0e', 'Kelbee', 'Trangmar', 32, 56.65, 26, '2018-03-02 22:53:30'),
(431, 'jmendezby', '074c39f54eed202c06817d56aaebcd6c45e1ad11473f64eb8feccf0bc5f3fb70', 'Jard', 'Mendez', 60, 3441.63, 11, '2018-10-02 22:34:26'),
(432, 'bcriagbz', '67dcf4e3440d1cb62f1e3a8ee2a02b28ec385c16e5fec70765c916ebc9b82494', 'Brose', 'Criag', 33, 1894.39, 10, '2014-03-04 23:52:03'),
(433, 'amagnayc0', '74412bd53e32c20816f34e6cbe935b34a0f1830e8ad49977dcc81b22932743c3', 'Antoni', 'Magnay', 78, 2880.61, 39, '2015-01-09 22:04:56'),
(434, 'sdeguerrec1', 'b73f9a763ce41d58ca6c7ac7aa69dca844b5d98bd2aa155dc32227ebac333bac', 'Stephannie', null, 31, 3383.64, 62, '2015-10-29 20:38:32'),
(435, 'vemtagec2', '6288926f1ded0f603485b81b06c179a90321b2da030ad98b148b277e48296a8f', 'Vicki', 'Emtage', 67, 659.81, 5, '2012-09-12 12:59:55'),
(436, 'arulfc3', '4f1ac27b87a644801b02c36881944d16e569dc4208029a97756a7906137fd51a', 'Alasteir', 'Rulf', 32, 860.67, 96, '2010-02-24 12:12:44'),
(437, 'rhounshamc4', '718b78277d89e5fd99e95e465f510971a35d68e2ea9e01e89a3bdc9688981118', 'Roobbie', null, 75, 3814.18, 79, '2013-04-29 04:16:24'),
(438, 'glotonc5', '650a117491c65c5bfdb9d98c549a93ab35524ba7d0337c719605723bbbd6bf34', 'Goraud', 'Loton', 66, 1058.42, 38, '2010-03-12 12:23:08'),
(439, 'ikinninc6', 'aec1c1304e4b23d313e49788de6aeb6c54277c94f62238e37a02aeb60be1810c', 'Isiahi', null, 48, 4194.16, 85, '2013-01-15 08:18:38'),
(440, 'hbullonc7', 'd9bb95118909c14f6dc83c8cff3550222c7a132822a8ba647b345ac021ee2e56', 'Hanan', 'Bullon', 42, 2235.83, 21, '2017-12-24 21:19:05'),
(441, 'kbarrarc8', 'e8e31bde478ba44fa9dad540735639e87fa3d21c244337e5f18faf895ff5015a', 'Kristofor', 'Barrar', 65, 4541.11, 19, '2018-08-20 15:35:02'),
(442, 'ffancuttc9', '25e23f79301846eb617543e51147bd375b0d9f34010bdd5f444e5f6de0fbab69', 'Fredrika', 'Fancutt', 18, 4735.21, 100, '2014-07-25 10:21:01'),
(443, 'araisbeckca', 'a8e80d5ece6a8c91c62c056bda2ffe1a0f8cc99e73554051fdd0bc0ee65d7bda', 'Andreana', 'Raisbeck', 23, 4119.51, 46, '2011-08-15 07:02:17'),
(444, 'islidescb', '2e61ea99161cf59ceaea1029af735a039c4d61bc0427d74ab47f17a05d8c3afc', 'Inglebert', 'Slides', 57, 1741.76, 49, '2011-01-21 00:25:33'),
(445, 'bbredburycc', '83d122c9e5d77ac26d94349945aec3c6813e35ae898e2c2d92004506d1198e62', 'Blanch', 'Bredbury', 69, 2296.46, 93, '2015-12-09 03:19:32'),
(446, 'vmatschosscd', 'df6cdac4786058548bc705120cc8b687723860e96b58f0375e42928a1371bfba', 'Vanda', 'Matschoss', 54, 2863.12, 106, '2016-12-15 14:30:47'),
(447, 'abeckhousece', '95c1108bc7dfec50bf9c89d3ab2f12fbb3fe39a08d12006f9b52d1393efa5a06', 'Arabel', 'Beckhouse', 29, 3901.14, 63, '2013-03-29 10:20:56'),
(448, 'dlightbowncf', '5191af390488d414cb312965008e3605f5aabe8483662ab0ac366a4598610349', 'Debra', 'Lightbown', 62, 1464.01, 16, '2012-10-16 08:25:35'),
(449, 'kmathoucg', '7418a693c1ec486d160a403ebbe2c0a30687a4a7c1aa96232f6712c93c2eeba9', 'Kai', 'Mathou', 47, 3905.35, 121, '2010-06-11 23:15:02'),
(450, 'mgledhallch', '8d2496924a16ac39dc79b864517b59c9f4aae8684be1b84f0fe3f5b5683e15d0', 'Mireielle', 'Gledhall', 79, 747.02, 100, '2018-07-10 02:02:33'),
(451, 'hkesleyci', '6208317ee1547f1b622afd371164b17ce179023f3ad875997dbcb3c9e2a4fdb2', 'Hetti', 'Kesley', 47, 1591.52, 49, '2013-08-22 01:54:15'),
(452, 'tdenyukhincj', '32496ae64639483fe5323618ef8b82cd7a738063883e0759f88a47065cda43ae', 'Tilly', 'Denyukhin', 31, 3550.53, 118, '2011-11-25 14:18:29'),
(453, 'gmassingberdck', 'faf45ca48672a391823c88a0e4efaca2680d577411a5572f507fe9826a3080ab', 'Griffith', 'Massingberd', 22, 3454.37, 119, '2014-09-25 06:41:25'),
(454, 'dmingercl', 'f6b8b55adda6409df1a6cc65dee2472be94c8f4f5665457a8725f1e70ad0f862', 'Donella', 'Minger', 68, 2821.93, 53, '2010-05-17 23:50:33'),
(455, 'mzaniolocm', '27d55a1cae37c3ebbc7ec06ca4cf94b02b1fa681e45ed15013cfd1cf57a92277', 'Meghan', 'Zaniolo', 55, 847.42, 92, '2016-03-14 11:28:26'),
(456, 'kdimnagecn', 'e30fc34c364562a74db6eb6d6f4c20938c8a5d05f1aba99314fe559ef8b0cb00', 'Koren', 'Dimnage', 46, 3949.62, 117, '2016-08-01 12:12:50'),
(457, 'abowdlerco', '8b3a6c0ff39887b6d275f2921030178b4b4dd10c24d33677e8682863c9a0fbfa', 'Aleksandr', 'Bowdler', 59, 2118.85, 95, '2018-02-20 00:51:05'),
(458, 'tnoyecp', '28a80d6108ef8cf63c0ed005d0b730b1312bb84cd53547a365a9f110c27f42dd', 'Tiff', 'Noye', 47, 1460.55, 127, '2010-04-24 12:43:13'),
(459, 'rsurmoncq', 'd522115fb812f206e29e53e4c697df1ba95e5a841f0e07018f3b294464b565e4', 'Roman', 'Surmon', 55, 1810.63, 22, '2013-11-27 14:32:08'),
(460, 'spinsentcr', 'c7bfbe58c69125695907150d4dae7c0538a625a3e6f6ad4ebb3acdbd8185241c', 'Siouxie', 'Pinsent', 76, 4023.58, 22, '2012-05-12 08:28:09'),
(461, 'nfendcs', '3321a44c8d8491b819a75cd87f9752b679010f8d3186f313634f52f090cd39e6', 'Ninnette', 'Fend', 55, 2153.0, 32, '2010-10-18 05:12:45'),
(462, 'mmcleoidct', 'b11ff84cf8494f44e50940e6c56eb2ccea7fffab95374ff6e33b02dd17acbb1b', 'Merilee', 'McLeoid', 32, 1559.06, 123, '2012-11-14 04:56:15'),
(463, 'yadaocu', '8ebb1ccdc65ac8bc9d58da128b7ced13b1ffb69082a79ac6a47c8bf2191f0889', 'Yancy', 'Adao', 59, 742.71, 92, '2014-12-25 05:15:57'),
(464, 'kpaviscv', '0a4b160d0768859b0f7e36915dbb0b4dc642dc372c860ddc4e4234a7e2cf6616', 'Kaitlyn', 'Pavis', 33, 480.39, 36, '2016-02-26 07:34:35'),
(465, 'dalldridgecw', 'b4d0c07e22254af790ad8b9dfbabca1e59170f2efcb5d71627ad392bcbeb070d', 'Drucie', 'Alldridge', 26, 1475.05, 73, '2015-10-20 19:26:54'),
(466, 'ccostercx', 'ababfd4fc27d092b0e3df2ac888dd8bdbdf48e0e2138bde0a96b1f9515be37e5', 'Chelsae', 'Coster', 76, 1296.42, 2, '2018-03-22 10:31:23'),
(467, 'kcasecy', 'd87ae9de231d03c7835814c24d95763143db7fea00f2ee79e8b769fb5fdf6cc4', 'Konrad', 'Case', 53, 4285.37, 98, '2011-06-12 23:49:58'),
(468, 'apalingcz', '187a5151c718e4050cc8f8bb4aee9562ad8f86748225cb304234b95446659691', 'Andriana', 'Paling', 50, 2979.29, 4, '2012-11-05 22:46:09'),
(469, 'aoatleyd0', '1a96cfaa5f6a7977d962a268e9b4b0fd9b04d006fad33d245c5c3fc3cda57fb5', 'Antonina', 'Oatley', 77, 4384.44, 91, '2015-05-06 05:41:35'),
(470, 'gjeggod1', 'b7fa411b6e8423efe0db298433d3478ef45457499b3f3c53a46ad42053edcd6c', 'Giffard', 'Jeggo', 21, 4874.16, 105, '2018-04-28 12:24:21'),
(471, 'rmontezd2', 'b1bae4c43313edf52a9fbac62e777686e2fe9ae7abe67e97b788018f0eb6637b', 'Rudy', 'Montez', 33, 814.89, 79, '2018-07-07 15:30:54'),
(472, 'hballind3', 'c844403e5e0d4ea30d0ea3aa1ebc4079c2d08381ef6b04a15cec2ade78fce553', 'Hyacinth', 'Ballin', 69, 592.21, 67, '2011-05-18 03:44:31'),
(473, 'asenchenkod4', '6adc1756d84c8253d8c8f8b56bb7af74fc30f771dd6848d11c951f20753bba56', 'Adam', 'Senchenko', 80, 568.33, 67, '2017-04-19 08:38:08'),
(474, 'clemond5', 'ccd90d0184c9ddc92a23702b363d0631805e069b1d89a95a7984abe171ab1cad', 'Carr', null, 59, 1646.37, 19, '2014-08-25 03:00:42'),
(475, 'deixenbergerd6', 'df2039bc0f5106343e951f95f9234f2ddf8c6bbe5486134db4a75005f789cf8e', 'Dorette', 'Eixenberger', 53, 4669.99, 30, '2011-09-19 16:23:38'),
(476, 'dfinlayd7', 'b157a21ebfaddf081686f39640a3bc873e3243f1a3399cf7639bc08d9d5e6d11', 'Darby', 'Finlay', 51, 1240.89, 16, '2013-10-24 14:53:10'),
(477, 'qhalleyboned8', 'ed796caaede53908873c75c920497e4e5de3d6e0bca37b11d3783fcab9776afe', 'Quinton', 'Halleybone', 64, 2734.43, 101, '2019-02-27 03:52:18'),
(478, 'gstobbsd9', 'aa16f6f07708ee424e4802ee8164811d5c35d362cf59b37fad174bc9c3a5c664', 'Graeme', 'Stobbs', 59, 3305.01, 3, '2014-04-20 01:08:29'),
(479, 'geichda', 'c1690ad72c42af8a73a0f4e4152b0d54fda38cfcd3f41d3db242ca9d33ba4e06', 'Gerianna', 'Eich', 24, 4310.55, 49, '2018-01-31 04:57:59'),
(480, 'lbullandb', 'd64c0ec12ec0b62155ffc845d645d22c5f4e6488d6314e1517c39323c7a2333b', 'Leonidas', 'Bullan', 39, 1900.72, 7, '2015-11-05 14:16:58'),
(481, 'fbarstowkdc', '559cc0b1f73ff6cc1fa62587eef0c0f6a6fbde27ae7abf7ac6dca0ecec6d5118', 'Florette', 'Barstowk', 77, 352.94, 50, '2010-10-31 05:37:52'),
(482, 'cblewmendd', 'ce930bb9ad3d4dc86be0dd2c52579942a9db3762386b85ac4f0cb35ccccad068', 'Coletta', null, 39, 721.36, 122, '2015-04-07 05:18:43'),
(483, 'aashbridgede', 'ee84ccf9b30afd481088d701c60e861339c57ffdfe5bb4a60e9f44d0c6673d47', 'Andie', 'Ashbridge', 37, 4482.33, 38, '2012-07-20 07:41:35'),
(484, 'lbegwelldf', 'd0aceea3b9fa0171d88f11392f683707620faed443afa1a07c8347135bf19895', 'Lawrence', 'Begwell', 52, 2795.04, 20, '2012-08-12 06:46:38'),
(485, 'htreleasedg', 'e279fe5385e4e70fb077fe0975222666d7dc3f5c2197180227cb5f417b8b7c1c', 'Homer', 'Trelease', 55, 3121.06, 37, '2016-07-05 15:02:23'),
(486, 'epheaseydh', '16b089ee64f510d7c9e0c80cfda9abd4f57638df8ad7439fe68ffec0bb374dc0', 'Emile', 'Pheasey', 76, 3388.32, 100, '2019-03-08 21:59:12'),
(487, 'bgreggsdi', '37b08f3d0a868e7036dc1da21a9d77309c21d24f4476359255113508dddca816', 'Bunny', 'Greggs', 62, 2787.66, 53, '2012-06-25 09:07:25'),
(488, 'asimenondj', 'ac7343a7b0f6e591451389e8bf0ef7293b2865db134942e29d841b16640add4e', 'Aubrette', 'Simenon', 67, 940.88, 92, '2016-05-25 07:26:40'),
(489, 'chubatschdk', '38d4cf4f129ea36b253c9e8cdd76346412b880fdf0d9042a0b876cf21c233e97', 'Cora', 'Hubatsch', 18, 2882.16, 50, '2016-01-24 21:58:36'),
(490, 'kstollbergerdl', 'f752ed9154f3b14f54f968d8277681092dd98b0b51f21ee0a28130291f7661af', 'Karita', 'Stollberger', 30, 1506.39, 10, '2018-07-20 03:08:42'),
(491, 'mbarlassdm', 'c2c01bb8f7d1ab970ec31c69b81f14b7a3dbd45a776f1ffecee341f63b27bada', 'Marcelline', 'Barlass', 25, 3502.23, 44, '2016-03-25 07:31:31'),
(492, 'tadandn', '5002b93f480cd7f55a12682b1c0bbe3309de2fdfb28a0c2400523d7cb28d6cdd', 'Teressa', 'Adan', 26, 4553.18, 89, '2013-06-22 23:47:16'),
(493, 'bpeotzdo', '2b84fba7be029deb1d9aab2d6f676dfdd2c528d8b9f4cf8b4c71234fcd1b0396', 'Bessy', 'Peotz', 64, 1721.39, 116, '2019-07-01 05:53:56'),
(494, 'lmablydp', 'ceeac8a79243c9f1c69e597cd8f914832f0bdb9785195cdea441b30edfb4cbd4', 'Lisabeth', 'Mably', 18, 3094.89, 33, '2014-04-15 00:32:45'),
(495, 'jilchenkodq', 'a220ece3bdfbed881df0c9324322edf3a72243b1c937d603309ce8f2bf213376', 'Jordon', 'Ilchenko', 52, 3386.38, 32, '2019-11-22 13:39:29'),
(496, 'rmudgedr', '365c283e65d81ee9e4b6a5ce4beff4740e6d118c9e6a07f8b3bbae8367b9341b', 'Riki', 'Mudge', 42, 3834.19, 124, '2014-04-30 17:26:44'),
(497, 'janshellds', '9a72029a4e6dbb436de0cccaa0988d8cdf44b961dcc1af87497f14fedcb39ce1', 'Jacquie', 'Anshell', 58, 436.42, 3, '2011-05-02 13:30:44'),
(498, 'rpealdt', 'eaa2b59f1f9f57cf64707588a4f533f868763c5212e3dd16322ba18567425079', 'Roda', null, 44, 1386.51, 43, '2010-03-04 13:49:14'),
(499, 'jadamskidu', '010e77f360cf2b6c0d8598244b8e02e6d07be41e5114cec16691b064c6e4b833', 'Justis', null, 38, 3637.06, 77, '2018-06-25 13:28:33'),
(500, 'mlindselldv', '218b488293b3db3bd3052a7c63c0b9c416e75610b64bd6669e34dd70285145fa', 'Mariana', 'Lindsell', 22, 461.81, 77, '2019-09-12 16:55:18'),
(501, 'chefferondw', 'a1c1818a0ff4e5508c8a88a6c89226280e0e5bcff6c6f46c95d0b1827940e551', 'Corty', null, 64, 982.92, 103, '2016-01-14 23:54:33'),
(502, 'cballindx', '8263cbb0be1f18d79bb73b6db92f8742f21ca66d8b63c6390b75f1f3418bde0b', 'Clea', 'Ballin', 78, 3213.19, 71, '2013-09-06 00:27:15'),
(503, 'cshilladaydy', '89ebd1a60dfa00667aff367237b7562b683e508084bb5e64b8160a0204cb4a85', 'Coralie', 'Shilladay', 20, 4219.21, 82, '2011-05-23 04:43:30'),
(504, 'dwastalldz', '7fb43bf4460707f053c8cb759db8bbc6c4ee3942b5a6d3456ee564d733861de0', 'Dina', 'Wastall', 33, 2351.64, 94, '2017-10-10 02:11:43'),
(505, 'carchdecknee0', '291b3470c6846cb88f211432d05695b1ff45b3cd560c7d73d2d2c11c9a50c816', 'Clarine', 'Archdeckne', 79, 1100.31, 64, '2019-08-03 23:59:19'),
(506, 'hvallantinee1', '483dfb2ce119764ebf5ec8cdec7a4616b590a85d68dc63b5d8d532a9aac29cd6', 'Henri', 'Vallantine', 53, 1864.47, 43, '2016-10-15 05:05:20'),
(507, 'ahadcrofte2', '68887c313d411e33c8f51172c21f0a1e6381cb323a6e8a87784614d4cf8a777a', 'Aggy', 'Hadcroft', 58, 3778.39, 47, '2015-12-07 05:47:12'),
(508, 'cbausmanne3', '293cf51b3b8fbdbecf91e9036039e36ba282212534ba7dd03ecc4dc0169b3916', 'Chastity', 'Bausmann', 78, 125.83, 54, '2010-06-06 23:03:18'),
(509, 'ejeannequine4', '9e5325adbfc768d5294ceb9bc95de99be35838746a5891d919c1ee2ebe053771', 'Eben', 'Jeannequin', 69, 3319.23, 61, '2018-10-10 19:48:22'),
(510, 'kcarelesse5', '4b980db012a51e42b4209728c96af79dbc8476c339b3553ebbb0e74dbf8f6bf2', 'Karim', 'Careless', 25, 3615.65, 39, '2016-01-27 01:47:16'),
(511, 'noldene6', 'd9775c1353f282d8004fa2953de294f8b50a8960ab030ead0d6537029a89ace7', 'Nil', 'Olden', 69, 792.11, 16, '2013-10-15 18:36:12'),
(512, 'sbaughene7', '058de398f01d3d68ad5d650f291631c36183b1852396548e53853951c9e9dd8d', 'Sonny', 'Baughen', 70, 2654.52, 80, '2010-12-31 00:31:43'),
(513, 'mextencee8', '1b24eff372b37143e77b5ecb2b66f122e79bb19d9e0ceea4b7426fc7ee5c59ed', 'Mirabelle', 'Extence', 61, 4548.56, 59, '2010-04-03 17:59:25'),
(514, 'mmaharrye9', '1360606695211a8dc2c42f0c3a26df5a43684c9d0002bf543f88830347c271cc', 'Markos', 'Maharry', 58, 571.9, 89, '2016-12-05 11:10:16'),
(515, 'jgoulstonea', 'e28205264ec6e1418405a70d828c78b335b6d57e4a06c3c7334917f14204a07d', 'Janine', 'Goulston', 23, 514.6, 39, '2011-03-15 21:09:13'),
(516, 'cloggieeb', '8c38469d90061876a448aaf804301f69a6a4940c2013cc97f37f6f7a6376ae09', 'Clarita', 'Loggie', 38, 4372.91, 63, '2010-07-05 09:21:05'),
(517, 'eholleranec', 'c2604ac42bcc493489ac36038f77c1da1a88787700cf7ac789d2ae7c01971d11', 'Eugine', 'Holleran', 27, 555.19, 50, '2019-08-26 02:14:57'),
(518, 'fgiannonied', '6b3e765663a00faa74233f90a01f8c9a7e86c23876fce10a4226a310229af9fb', 'Fredrick', 'Giannoni', 22, 4025.25, 95, '2015-09-27 03:33:46'),
(519, 'tensoree', '2b6c2f6f9be1ca7fb681bce16e2bec02f9aef02416b56b3658605d19213765df', 'Thebault', 'Ensor', 71, 2535.52, 95, '2015-04-23 22:38:16'),
(520, 'binnottef', '11ddf31dae92fa595e1803a1cea5c644c3f9464d338de17b58c76182367b942a', 'Bruis', 'Innott', 52, 2509.06, 123, '2014-07-18 08:01:17'),
(521, 'bshillingfordeg', '8cdfe88fb3943f66afaab739b3860c77760341f2060893f237bc77c64bd66bf2', 'Bethany', 'Shillingford', 35, 2233.35, 116, '2012-04-20 02:17:39'),
(522, 'kshilstoneeh', '67a481473088c808a1e7a8fac65c2800bc136153509f04728b51ba1f9ece42ab', 'Kial', null, 56, 889.44, 94, '2016-11-29 02:32:46'),
(523, 'cdavilleei', '836d6cb005df7b3057d9270c1d5b8f04f055c91ecfaa4c53e4ae74e4d7331848', 'Cissy', 'Daville', 37, 2022.29, 48, '2018-03-25 08:55:56'),
(524, 'relcombeej', 'db9ac567aa523163b9dd6a93c7f1ba60f83a52e5cdbb28ffb586e98f1e07983a', 'Randell', null, 74, 4700.48, 75, '2012-02-03 13:12:19'),
(525, 'lglanzek', 'a34bc297cc296bb10225ee69b0e22cc0a58a45ec5de5cee55a8086848c88a335', 'Law', 'Glanz', 47, 4482.07, 9, '2011-07-06 01:23:13'),
(526, 'nhuntlyel', '1cff6b5a8514d6f4fd0b3469dab55864d6f1da8eb6ca6f8712a26f092b4c8bfd', 'Noella', 'Huntly', 61, 3456.82, 33, '2019-02-13 08:36:43'),
(527, 'ccovilem', '19d8f913038839f1a82bab38c8703f8ca0010ca75c92c74c0162f20517eb914d', 'Cecelia', 'Covil', 57, 102.99, 117, '2018-07-10 22:06:56'),
(528, 'codareen', 'c84f0eea8b5feea57b826e3850750e09ab2874992a7a004be64eb8fb417cd999', 'Catlin', 'O''Dare', 58, 433.59, 52, '2019-03-13 00:25:25'),
(529, 'fparadineeo', 'b7c285a7387cb90ee13c1c1b8c2179cbbc84cb710c03b28461cf77b7b03a360c', 'Faina', 'Paradine', 37, 388.64, 92, '2012-03-07 03:16:01'),
(530, 'egoldinep', '442a84a515057a40e1b535131d6e14bae4f9917f0db504eacc47830174a52966', 'Evy', 'Goldin', 45, 3436.93, 1, '2012-07-20 23:10:42'),
(531, 'rhorickeq', '2483e1237324640a98068da6d3dc23942e669e6029fa29a44f3e8259a8cf534a', 'Raddie', 'Horick', 62, 3311.84, 22, '2019-04-05 13:35:21'),
(532, 'saldgateer', '1af092d952a9cd44ac9e02aba437fe0cc8eba1b8ef6f7cef971beda7a1995aea', 'Shelli', null, 21, 2750.94, 64, '2018-10-30 16:17:55'),
(533, 'cishames', '61023dc07f0cae2f70988d8270189483eda4302b50827162dcae0e85fdc5f66e', 'Caryl', 'Isham', 54, 2309.58, 62, '2019-05-27 00:49:54'),
(534, 'mskermeret', '8f6a58979d0831f1e6ef67b599260e0a5a50e4224b7e09af5ebe8c3df9258e0e', 'Malinda', 'Skermer', 79, 1253.31, 127, '2012-06-16 22:56:51'),
(535, 'bklimontovicheu', 'd86b12441ee86a22d6aaf11ba8e6ac5c4f06b8ae86a98542cffafaf37ea5d04c', 'Bel', 'Klimontovich', 43, 93.29, 61, '2016-04-20 23:25:49'),
(536, 'plemoucheuxev', 'cbf040719a26022b3c17624dd8dd0e25160657fb1bf031b09e07254a9d5ef021', 'Perkin', null, 67, 422.09, 17, '2011-06-30 19:51:52'),
(537, 'vjumelew', '3705746b7eb6ca0dd1e49052b26fdf15e18c6e1221b7e7a87a13fc6acbf4e540', 'Vinita', 'Jumel', 61, 1309.28, 3, '2017-10-30 23:56:58'),
(538, 'slampreyex', '06c81650a2674d793c4a61e0015470fe75f96ef10f4493199f0dfa54ed1dac1f', 'Sheelagh', 'Lamprey', 56, 1937.22, 64, '2018-11-20 12:03:07'),
(539, 'hhudspithey', 'cbc0add53607e7d9e70993093fefbecb9f328e77b89017ce0838b611a5f51b8b', 'Homere', 'Hudspith', 65, 52.51, 13, '2018-07-28 21:57:20'),
(540, 'ageorgez', '4781b8b32c95dfd64274a1b34f26d519c33b7643a9e3adf7972dc601c34713cc', 'Alfie', 'Georg', 80, 3665.33, 39, '2014-12-26 12:58:48'),
(541, 'akynclf0', '5473c89d972e9923f0356437c01ba7a66898ef0d2fa56d9caa614a9eedf23fe5', 'Alaine', 'Kyncl', 49, 3283.41, 30, '2017-08-05 17:26:13'),
(542, 'udillintonf1', '6128b6f52584b80803a37b96dd4c854578c6a7d01544eadadf9c30463059af9c', 'Umberto', 'Dillinton', 71, 1720.34, 18, '2014-11-05 13:14:30'),
(543, 'aeadmeadsf2', '6499d32432f7929ce52ffecb75919fac3f8abf41cdfd5ea35d24cdfe30e1bd80', 'Abigale', 'Eadmeads', 63, 3439.29, 60, '2016-02-07 09:47:34'),
(544, 'mbeagenf3', '1623a0f9bc2ad71b3f882962ee2baee775de0e19c98de554d5936da24b38ca50', 'Mariya', 'Beagen', 44, 195.17, 26, '2018-01-25 12:07:25'),
(545, 'sfurmedgef4', '9ac0d16585cdcb724af7cd2e91f63705538f166864ad684c2821d5af117bea2a', 'Sibelle', 'Furmedge', 32, 4177.72, 50, '2017-07-22 02:17:24'),
(546, 'ibigriggf5', '8b0bdfa45e6bef57c957a310b83aaa53b0bfa261108dbd59282a5ccb657f4a4c', 'Inga', 'Bigrigg', 32, 751.83, 119, '2019-10-29 10:17:24'),
(547, 'dmcilwreathf6', '38e29a8f3e4dc74d3008d63fd9d9ce914e15e531289e7f9a292896f37bddfc84', 'Delaney', 'McIlwreath', 28, 3850.58, 57, '2018-05-29 20:50:11'),
(548, 'bmattiaccif7', '5dbbdbcd067415e77b8d224d2b934665ab97d65c3e7e8a3db873fedc237fa048', 'Berkeley', 'Mattiacci', 64, 3054.42, 70, '2012-05-27 01:20:31'),
(549, 'dcaslettf8', '820315ac10b15253418fb66efe319b1241467ec2ee624db7b6d80220fa72c8af', 'Dorolice', 'Caslett', 54, 2419.31, 35, '2018-04-03 01:58:20'),
(550, 'bromaninif9', 'b7aed013b7f803c398f33e0121ae7b538d04635353ceb589635b59c9f2e7f501', 'Butch', 'Romanini', 26, 3071.54, 58, '2013-12-15 04:30:29'),
(551, 'cmulliganfa', '6ebe61ac3a387869f2764393c60c24900c9d6732b005902c816c704af07732bc', 'Cilka', null, 40, 4179.89, 88, '2013-05-07 03:57:57'),
(552, 'jlambfb', 'dcecafabf29b24445e16e71c091b4249cbc156596cd2d7207482ffafc208a4f8', 'Julietta', 'Lamb', 38, 1636.01, 117, '2011-12-31 00:33:36'),
(553, 'jwiggingtonfc', 'bcbe5f97f54266dce063d2a02ebfb2acaca0ef7d7eb99edd2e772b2138c09a0e', 'Joan', 'Wiggington', 50, 4512.25, 20, '2015-09-16 11:16:24'),
(554, 'dakidfd', '52c2d24cde4307bfc7f77556634b6bf3f5ccf7f7a484889b105a2ddda3558035', 'Derk', 'Akid', 80, 2128.56, 92, '2016-09-22 15:31:41'),
(555, 'rcomussofe', '7ea92033d90863c0ab6ad48250147e9bd3bc75a1c4150c5dd78a64979698cd6d', 'Reynolds', 'Comusso', 31, 2538.99, 47, '2011-04-11 07:54:56'),
(556, 'gmaccaughenff', '591ff286496d522c82f8a6c3c7e7a5171f302dbb6c42dcbb7738cdc6447e6e1b', 'Goddart', 'MacCaughen', 62, 4235.44, 43, '2012-09-09 23:12:43'),
(557, 'fclausfg', '3aeb32373dcfddc466c22d112da325fb066dd98bbec975754a4238c60905bf70', 'Filide', 'Claus', 59, 965.78, 30, '2013-05-14 07:56:08'),
(558, 'csentancefh', '48bffc677ea714f7f45ba857448f6ff0cc37f2e681224c61d229118767f25298', 'Cchaddie', 'Sentance', 77, 4698.61, 70, '2016-02-28 20:47:19'),
(559, 'shancillfi', '24fc98898223a9876936cd1964a5e55339bda35249f134e3d38ad1750f67db55', 'Sapphire', null, 19, 4229.06, 88, '2017-09-21 14:42:47'),
(560, 'cbewickfj', '1b817c5a4666b5f6f65c40d65895461c7ae204053aa9d3a4b0fead4671896cc6', 'Cleavland', 'Bewick', 40, 3380.15, 78, '2017-03-29 10:51:27'),
(561, 'mlacasefk', '712df0759f529d96112a5aeae993b1b5b1f9f78cda236b541e5e7c71631038cd', 'Manya', 'Lacase', 21, 3510.57, 127, '2013-05-10 12:45:40'),
(562, 'chenriefl', 'dcf99e9b1ceb2ee044ec56f0f08eaf792736f99527abc89f6f308a011fcbb6c0', 'Clerc', 'Henrie', 60, 3041.19, 94, '2012-11-10 22:00:28'),
(563, 'elilleymanfm', 'beb802fc4c6bbba6d9b262b35e79391dac9c81bde14379b066acfd46bdd5aa17', 'Elizabet', 'Lilleyman', 42, 1806.38, 21, '2018-01-30 19:23:09'),
(564, 'esuddockfn', '18a5fcfd9df29a84918a27f0ad26c9b80dbcbc236f59a33b0c121bceb1a7cd38', 'Elvin', 'Suddock', 31, 317.9, 47, '2015-01-18 13:38:29'),
(565, 'jlinceyfo', 'bc8ac95504da95be51fe0a44c1e87a1980821c460c9f42b87745c026b68c97b9', 'Jerry', 'Lincey', 46, 2167.03, 96, '2010-06-16 17:02:06'),
(566, 'kgeaneyfp', '71471ef26a42d968e2564199fa8ea6328a378530d8fa002e91aa72df8085dbfd', 'Kristy', 'Geaney', 62, 967.4, 12, '2012-03-28 05:07:14'),
(567, 'lfessierfq', '19bdb8750c1824c94d4111dac98437fd86121a21a865b61ae91107224f873d2a', 'Laetitia', 'Fessier', 60, 368.78, 10, '2012-03-05 11:47:33'),
(568, 'bcarillofr', '249e64fc0717fb61f282f40e2d27fd8b159ce9afb4d22aa188348126b126b4cb', 'Brooke', 'Carillo', 75, 4964.76, 20, '2013-04-23 16:25:54'),
(569, 'wkharchinskifs', '3247220be724d1057ec6767cf14bc56950056d569de793b74a22c70097104724', 'Winni', 'Kharchinski', 72, 2619.85, 111, '2012-03-17 17:28:05'),
(570, 'lplutheroft', '46f221c1e76300de0e1b66f877fc916d39bd3b713a7fff7ff0c052ede9cec89c', 'Lisbeth', 'Pluthero', 47, 3522.05, 36, '2016-02-28 15:40:47'),
(571, 'bcotgrovefu', '9d8c47a60381d2e483016acc92cbcad59ccfde2d7b8ebc01bb482d78603d7d98', 'Berkly', 'Cotgrove', 47, 1223.79, 18, '2012-12-01 19:56:00'),
(572, 'tramstedfv', '3d9bdd751edce4ced78933662c370d6a19d8965613d6718afc58db4262339538', 'Theodore', 'Ramsted', 66, 4834.28, 11, '2017-04-11 17:20:54'),
(573, 'agarrisonfw', '5e96da08f490d93753c6017eb2bd425294552ddbb84c66f4390375d94eb3a383', 'Alissa', 'Garrison', 54, 3800.98, 28, '2010-01-22 08:19:02'),
(574, 'aambrosiofx', '6e57007b96d7a086411680dd92def0d4e1c9ce293b88e306dacc15e6cc1bab4e', 'Arney', 'Ambrosio', 34, 3189.31, 49, '2019-10-15 23:40:45'),
(575, 'bcatterellfy', '446042ccb067ebfa653a455c3858e7b55bb079566c549450301d60b693f16b19', 'Bartlet', 'Catterell', 32, 1059.87, 34, '2014-02-28 06:17:07'),
(576, 'dburroughesfz', 'bf1266e50bd0e2ca411ec9cbf361d54cd07f6680aa02d28a9c9fd547457a6ada', 'Doy', 'Burroughes', 23, 1757.41, 43, '2011-12-29 15:29:32'),
(577, 'dfairholmeg0', '3955f5e7c1243c901ef67aae3b6d2c0aca58c85f4a5ce75be49ccf0949693f5f', 'Diahann', 'Fairholme', 52, 2008.14, 113, '2013-12-02 10:25:23'),
(578, 'iyuryevg1', 'f289552e5ebcc7629d6acabd47af7670bbe62babbba3a32ca75b7d7d1c3fceb6', 'Ingeberg', 'Yuryev', 69, 3805.88, 80, '2011-11-12 05:36:56'),
(579, 'fwenningtong2', '9f1fc1c0063440ec2433326e9e431bd06c364cf3f887e3beb90d25312ea6f2c9', 'Fredia', 'Wennington', 47, 2058.63, 30, '2012-04-17 15:39:53'),
(580, 'hnattrissg3', 'e523a607045d0ac2cb799e7ec592321d2414fd03c657979ad39adb4ff20c31b8', 'Hetty', 'Nattriss', 60, 4526.69, 1, '2018-02-24 01:41:22'),
(581, 'htynnang4', 'b4d9cf8ac505497c8ca5365309fa8779a84d1df20a8da4ce7c93d718c38e4a42', 'Huntlee', 'Tynnan', 26, 1280.8, 93, '2010-08-27 09:35:24'),
(582, 'amanginotg5', '2e7eb5a22d9ab029d318be181d7034d500159eb687f497aa500f6a11615275e1', 'Amberly', 'Manginot', 48, 3085.92, 93, '2019-05-26 20:32:38'),
(583, 'pheismang6', '63e2eafe8686eab9d2369e70a25bf1c36079933de92a0bf10d1ecf66781caccd', 'Pandora', null, 52, 557.33, 43, '2012-08-12 00:57:34'),
(584, 'djannyg7', '1705505ef3251c58d03f67c21fba2a058bfee223fede1160e2e8e4c78d85946b', 'Dunc', 'Janny', 71, 3087.56, 101, '2014-03-16 22:32:39'),
(585, 'hstuddardg8', 'a364837315251dcaba054ca1184122ad1d1491b4f3020cf6a393faad7defa077', 'Heinrick', 'Studdard', 63, 2715.48, 95, '2017-11-01 07:33:21'),
(586, 'rmithong9', '946b11ac47015e16e1598d4066d4e7d0b902c3a0f747706993a1f15d81be1ed7', 'Riannon', 'Mithon', 71, 2556.03, 70, '2019-11-21 05:02:07'),
(587, 'geschalettega', '6cc06ecf90b23caf573a13752d0254e00af3c2bc558e31869ce967fc52567873', 'Ganny', 'Eschalette', 66, 3142.5, 55, '2017-09-28 19:13:57'),
(588, 'cbiddlegb', '9b20736613784cd782f4b7c34fd0e4927c1149fb903e36ce3d6b414cb5e17c75', 'Chris', 'Biddle', 52, 1621.72, 32, '2019-03-29 12:45:32'),
(589, 'epeachamgc', 'da3294779c173a8d7796094e704e5cca32d7653c3bdc05fc6d7908792208e8e3', 'Erv', 'Peacham', 28, 2498.08, 117, '2011-05-26 17:54:52'),
(590, 'hpendleberygd', '51679e03d342ed9a81fccc6ffffe7c4ff23609045f52dc4dedac4f3e07150c30', 'Hedy', 'Pendlebery', 46, 672.82, 55, '2014-04-28 15:05:19'),
(591, 'gashlinge', '3919903a500de1cdbc6d5bb4bf14775cb1059472a4f0f1f23b7652100cf2fd12', 'Gonzales', 'Ashlin', 35, 4808.66, 73, '2015-11-11 22:19:42'),
(592, 'arosendallgf', 'ebe0e55249a5983938cecd4face1d0fe81726ee9645a7a2b48315b525fc57f0f', 'Aimee', null, 49, 1023.91, 71, '2013-04-26 05:46:17'),
(593, 'hquartongg', '198cb6ec392e90cbc159e663994e669baaa58ae95fcda1cbaefac8c5be00861d', 'Haley', 'Quarton', 60, 1010.4, 120, '2012-09-02 14:47:22'),
(594, 'dnevisongh', '5cee360ddae87cc92665258256d1022763ded67c3bc91fd15fd8e9ff491729cc', 'Dew', 'Nevison', 62, 2573.83, 114, '2017-07-22 16:28:02'),
(595, 'ieckersleygi', '1463cd8cbe9706b42c586595c6374d2518f86e35afea79032f32988171c07912', 'Ingar', 'Eckersley', 40, 2378.65, 97, '2019-02-19 19:29:38'),
(596, 'dyeamangj', 'b7c17abf656f487fdde3243d4e942282fdec6e66176f5e5deba8a89190cf6dcc', 'Demetris', 'Yeaman', 27, 4350.52, 102, '2014-01-16 06:42:17'),
(597, 'zhesselgk', '037f4a35d5a6d156b67c14d2d07514d87e6af903114c19de703075bc90a32199', 'Zita', 'Hessel', 40, 4890.56, 59, '2018-10-15 21:30:18'),
(598, 'dfreengl', 'ef974cf4d2827b7f58885d345900156495c997e7bd3bec63fe354828d72adbba', 'Debee', 'Freen', 31, 4662.98, 35, '2012-06-23 06:45:45'),
(599, 'mheibelgm', '4b72d5ab653b275a21c1f6a88c595431b8fb6449fce6964bffd7f13e02193eaa', 'Marna', 'Heibel', 40, 4812.09, 94, '2014-12-27 07:08:11'),
(600, 'ddanygn', 'cc40c713fd6070c8e8bb09f761a478deb14aa51d5a526517db0cffdfdff8fc35', 'Dev', 'Dany', 41, 3685.79, 20, '2016-12-21 18:04:47'),
(601, 'bdrustgo', '19b2f268a5a615572f653e59c51a5dd3fed716c177de05f267d22b3a1e2650c8', 'Brandy', 'Drust', 46, 626.06, 113, '2016-03-05 08:26:48'),
(602, 'lalfonsettogp', '455d272d4b590eff583672cdf942645187be15467eb68bd55a2714b1507399a5', 'Ludovico', 'Alfonsetto', 20, 2473.54, 52, '2012-04-16 10:51:32'),
(603, 'ehavikgq', '1623600a6f3bbcfb159890e360b01b678ca9c5dea8e100e168ea5ec278da49a2', 'Em', 'Havik', 72, 2016.08, 49, '2018-02-05 01:13:07'),
(604, 'kbouettegr', '7d3d98d1098d687fc0bcbf6d207c869bf274297971d4d758c0f6fb9c85eefd6d', 'Kiley', 'Bouette', 52, 1237.0, 110, '2014-01-11 18:41:34'),
(605, 'thaldenegs', 'a1dd8c05358eb54ea33062baba123fe5fdf98a60bfc962547d8febeae28eced9', 'Theadora', 'Haldene', 49, 3327.13, 66, '2017-09-22 20:12:53'),
(606, 'nguyergt', 'ce84073614d6a03e0fa0db8b44cf309b410c02be99d49704378bdea9f60ee702', 'Noll', 'Guyer', 49, 3982.56, 22, '2011-12-02 13:09:52'),
(607, 'wattewellgu', '133a8fdc2318ec4c307f5bc5587caa05e049149b3f29bdbbf2206af0015f3c00', 'Waiter', 'Attewell', 78, 2190.03, 2, '2018-01-15 11:02:22'),
(608, 'kjedrzejczykgv', '8234805852a78e6f0af2e8ca6c7c1e475846d86250d62baf034c516b0d402676', 'Kare', 'Jedrzejczyk', 45, 873.87, 42, '2015-11-13 18:16:50'),
(609, 'rvictorgw', '8c6a92895e3375659939cd3a95ccd24f65223b608094dd7dd5cb1349a3dd8188', 'Ronda', 'Victor', 33, 1478.13, 79, '2013-04-19 08:40:12'),
(610, 'bgrogorgx', 'b19cda582c726441c840a94e70ddce7811a3bf68b30dcce81fcaf97bf4a6740f', 'Billy', 'Grogor', 78, 2236.88, 93, '2015-01-27 03:11:24'),
(611, 'agendrichgy', 'cf08c00c61bf018d1cd0328d9d96ff39eb6e896540a94964b9515fc78320b1bc', 'Addie', 'Gendrich', 59, 2469.11, 14, '2011-02-27 02:18:07'),
(612, 'gkeetinggz', '012bef176f97cdfc62eee6941ea285f9768a038dbabd9188c3799cb6d2a8511d', 'Gert', 'Keeting', 22, 3020.27, 6, '2016-01-24 12:13:16'),
(613, 'mwraggsh0', 'c0326e453a632f78f9f735910edd8bc944adc9eacb93959af533e493ffbef2d4', 'Myriam', 'Wraggs', 22, 227.41, 28, '2011-01-30 20:46:56'),
(614, 'tdymenth1', 'fcf83694e382886bec6d513df5211fcec460712e182addd1a3816f5ac2c84054', 'Torry', 'Dyment', 75, 3022.33, 25, '2017-01-01 14:35:00'),
(615, 'pgodbaldh2', '1302dd5e98259346fd2ac505adab76c00d055ded91e4d62c93ba273d58121f34', 'Pavia', 'Godbald', 73, 803.88, 82, '2013-08-10 19:04:09'),
(616, 'mkopischh3', 'a2cf1c49348f44dea4f623b180d63c56272ca629522d77754db8acc8ed8d9747', 'Madelena', 'Kopisch', 33, 3313.28, 6, '2015-06-22 12:26:18'),
(617, 'alaurenth4', 'b7f9777c66ed56e46527d845315d17afb559343d713bb89fed545ed6f9e7b88b', 'Anet', 'Laurent', 36, 189.99, 123, '2014-04-19 18:50:08'),
(618, 'rmannh5', 'd6a714b66dbe08749a047cb5ad0361eddd435208efe373cdf4ba4dd19181ef97', 'Rozele', 'Mann', 41, 2961.9, 115, '2016-04-20 19:32:23'),
(619, 'estaterfieldh6', '8555214698f30997008ccb6ea04483e07cb2c487d26252850ef9d77e777f87a4', 'Ellsworth', 'Staterfield', 22, 3416.26, 55, '2017-01-22 18:47:14'),
(620, 'dwigleyh7', '5d9a907362ee45fbe2112e6d9cb1785df460ca43d4eb8d4786839839e2fda562', 'Dicky', 'Wigley', 47, 1691.99, 28, '2017-02-14 18:16:32'),
(621, 'aumfreyh8', '14ee3d0c9922b1ed29c09226494a16bc2399db453a6a99310ae54a9cac7bf025', 'Artair', 'Umfrey', 71, 2982.8, 126, '2011-10-03 14:41:47'),
(622, 'xbrownsellh9', '338cae1d26eb98daaf4cce102bb0998a1b95d0d0a03cd2ecade24ee09ad3432e', 'Xavier', 'Brownsell', 74, 1775.05, 6, '2016-05-09 23:18:19'),
(623, 'hmacakha', 'c6a2bf1b811f771811cad4452ba75a3f961789e4463c36ae3b1efdcb2c7aee61', 'Homerus', 'Macak', 44, 1227.45, 31, '2011-11-23 13:06:41'),
(624, 'jpeakmanhb', 'afe867c817cf5a5727b0d24c819a24b612e0aeed9cac41c00a9dd11917419782', 'Jill', 'Peakman', 75, 1038.98, 116, '2019-05-20 11:42:06'),
(625, 'jmatchetthc', '970429ecdbdd24afc5a5ee0705fbc1f5967b4f9b9478c8c11c89b432c75cd22c', 'Joshuah', 'Matchett', 79, 4381.99, 72, '2013-06-08 15:36:48'),
(626, 'bscripturehd', '455cb67bbb250021fabe62ee1c7c63be30d0247437e89736867256ae5654e086', 'Babbette', 'Scripture', 37, 3801.95, 124, '2018-08-19 12:33:38'),
(627, 'tgowlerhe', 'cd86dfab2ca348ffdcfe2ed9d8e19e65e27fef42b2aaba6f8d6ad299da4e3f44', 'Tim', 'Gowler', 25, 1022.16, 122, '2010-11-26 20:35:28'),
(628, 'smanilowhf', '59045843a9b525743070f41662c6c964a1e8c1f87037df2b2b25b1fc45a3d507', 'Saree', null, 18, 673.47, 101, '2013-03-08 21:27:43'),
(629, 'mpurselowhg', 'd2b246d7053b0ce801b12b9f0784c59da038dba1583e1936dbb94316ff828dd9', 'Merrill', 'Purselow', 46, 2041.69, 54, '2011-09-06 10:37:22'),
(630, 'vkuhlhh', '76bea17bd7547afc5eb00bb3facd633624b3afa57ca3b66627ef18d834f4ba9f', 'Viv', 'Kuhl', 79, 166.74, 63, '2018-02-27 00:28:25'),
(631, 'bhopkinshi', 'db4497c4d92b04c98c9324990de709a738c8f870d6dba71373e3185e6d20344f', 'Berny', 'Hopkins', 54, 2506.56, 38, '2018-07-09 19:53:59'),
(632, 'bschoaleshj', 'acab7f3a0ca5c6786a83f5b1e57177f40e67fec049a701bc9f94cb137e20300e', 'Bryan', 'Schoales', 50, 3814.91, 89, '2011-07-16 11:43:48'),
(633, 'gduplanhk', 'c5021e609d73cc9fd50e12d7d89ac4cd51d02135d052b478d916bcdd2838f2b5', 'Gayleen', 'Duplan', 62, 3083.08, 2, '2016-09-29 12:33:39'),
(634, 'oochterlonyhl', 'c5a2bc79ceda1ccf0c9567384eced16c50ac4c62cf079fcd9ee1117fbb3530c1', 'Oran', 'Ochterlony', 69, 2996.84, 36, '2011-03-31 21:38:13'),
(635, 'ljouannothm', 'f643af6da2295daa6eb2c8d10f8ae14e714d01fc452bf7e7f91bc8e3b19a9e61', 'Lucho', 'Jouannot', 67, 479.16, 125, '2014-02-11 21:35:11'),
(636, 'challamhn', 'e26ac97b03eb6dfd53faa5ce04358f95800669321b6a61db617483e475ffee4c', 'Colas', 'Hallam', 18, 3606.3, 64, '2015-08-17 00:51:20'),
(637, 'ctrippittho', '4939b7c3698c32689f619ccabe969b1e39f8ac3f8036d25bb01d7c4e02e3e142', 'Carree', 'Trippitt', 58, 1946.27, 94, '2017-09-26 16:41:47'),
(638, 'mleftbridgehp', '6aa17b95ad2c884701ea9c5ec1e455d37d93ab6e0bd52ab8932c4991b48dfa5f', 'Mac', null, 67, 4932.33, 55, '2011-02-06 01:41:40'),
(639, 'epenberthyhq', '82e524c6030086c16f5aba8d153d2fdaf3dd532e51c38aff352a529739737471', 'Eda', 'Penberthy', 31, 4794.34, 25, '2012-07-07 22:33:31'),
(640, 'mmcelvoguehr', '702ec809d9ce8f2155462b276f72611c217a9266062625ff1d0dccce2d71ee03', 'Mick', null, 72, 1979.43, 104, '2010-03-12 23:46:23'),
(641, 'cduforehs', 'd4d5dee1aa30c4ffbfe79f697d5496a6d98f9748ba5372fc7e79637b88eddfcd', 'Carlotta', 'Dufore', 28, 3252.81, 6, '2016-04-28 18:15:25'),
(642, 'rfidlerht', '285b99bbfe3bcf3bac7257161a97591d602800cd07d22c3081e8de6b45706cb4', 'Raina', 'Fidler', 42, 3086.01, 104, '2013-02-12 05:50:23'),
(643, 'lweinberghu', 'bb5bf8dd98e4f517174fc6c60797662dc87d359ae4f39a9de215db857a38f7f6', 'Lara', 'Weinberg', 46, 1149.87, 55, '2016-03-19 02:06:00'),
(644, 'cconnalhv', 'fcde80b749d3480f2b5b44dd77f3ef3b4aba6ab0fc58be07d27f0891766d64c2', 'Charlena', 'Connal', 42, 154.25, 116, '2010-08-19 10:45:32'),
(645, 'cuzellihw', '57ed745b0acee934ae02bb733c166f7ecb49f1ae99e80f421cd8ec2f26d97014', 'Cliff', 'Uzelli', 79, 2354.49, 70, '2016-12-12 20:51:54'),
(646, 'wkobelhx', 'e3f2f7f026386ee7ec86de598cf5ac4ed0aa3e80adbaa3e2a09a17d15cdce58c', 'Wang', 'Kobel', 67, 4477.75, 91, '2017-10-09 01:20:39'),
(647, 'wchauncehy', '44d70a8175013060e7b18da5c7884730692e2386d5c0cf9924bfbbcbfbdfc4d2', 'Wilbur', 'Chaunce', 44, 4335.0, 43, '2016-09-09 09:33:22'),
(648, 'lgissophz', 'd145d39cd854ef77c8f35b48e268851f45a44958731416d30e95d734aba0cdd1', 'Lombard', 'Gissop', 18, 2982.48, 118, '2011-01-05 11:48:19'),
(649, 'dspati0', 'c353b74506ecbca2050d4e3f0a6d897d3753c9fc6d9cdcdd866dd0f61881a278', 'Delainey', 'Spat', 46, 4725.55, 31, '2019-08-05 23:53:26'),
(650, 'amcbradyi1', 'e46e34656c4ae459579454dc4dd77621f2fac6b222ea841323c4d4bb63258ea8', 'Abbott', 'McBrady', 64, 3482.34, 107, '2017-12-29 23:52:45'),
(651, 'eshackeli2', '01d4b9b6c5ae66f1ba149cb1593c495de47e1f9cdce544b8797ded4d2c05e030', 'Ewell', 'Shackel', 26, 291.1, 104, '2018-12-31 09:32:08'),
(652, 'cmackiei3', 'ed2a08ae763331885bd1e0710c699b3e34b26359a1b77ccb4e09799902824a08', 'Cammie', 'Mackie', 53, 508.12, 38, '2015-12-10 11:30:09'),
(653, 'tslatei4', '4df54dc1d080bdfd04cea02c806f8d0a7564496de94a97b8727be14f0fc24167', 'Trev', 'Slate', 55, 714.7, 82, '2012-07-27 03:16:10'),
(654, 'mgusloni5', '1fab1391483fa31a4c7e5765e6749ec2f4b1a8ff477f82d34c75d2e2715cbc8b', 'Margarette', 'Guslon', 58, 4088.18, 90, '2015-06-17 20:07:43'),
(655, 'lbarratti6', 'a40513cbc02a47bd5a317b6783451c6582f5974de766ff7e2242b802cd8eda10', 'Lilly', 'Barratt', 80, 2533.4, 114, '2011-01-09 22:21:58'),
(656, 'mechi7', '32df4ba7a4430ca8f9ef0e5693ff48dd14c482fd0a7708b1f4981052ee1acdd3', 'Mira', 'Ech', 64, 782.5, 20, '2012-04-26 06:22:03'),
(657, 'iflewi8', '5bcd8ad23474ea8025b499f1c7fd49a0dade0403bca8d003bc7cf7dcd072831d', 'Ines', 'Flew', 27, 3122.73, 33, '2013-12-13 02:23:07'),
(658, 'jalani9', '9541b6e0203ee23d1fae4c3f41661c64c0cc17c8cf698bdd424188b503a2a3b3', 'Judye', null, 52, 1218.25, 48, '2013-03-27 19:54:34'),
(659, 'ashulemia', '75019cc704180b3ff42eb72caa475fbdba975a24c639e8b1dfe9f4258bca3fb4', 'Andrej', 'Shulem', 23, 411.81, 89, '2019-04-08 20:32:56'),
(660, 'hmacmenamyib', 'c7eed679dc90195b41beb22cd87c5921a07ac81e728320952cf306e1738623f6', 'Hedi', 'MacMenamy', 40, 2823.5, 14, '2019-01-06 21:20:55'),
(661, 'sdarbenic', '0bee7f47fee3e19529d3303653d3bc34854fedd999ef801bc470eac572bd2b32', 'Sky', 'Darben', 36, 867.68, 27, '2016-10-11 14:15:44'),
(662, 'rrobeletid', '67f9d32a382c600b069ea11b98c57d813370c4e40027436c5bd251f5b22cf043', 'Rickard', 'Robelet', 37, 3146.14, 88, '2016-05-28 02:12:10'),
(663, 'mbridgmanie', '5134d6ad3e70346ffe1362b81f802616dc6b618b4127f7cba62cd13d998d7977', 'Mac', 'Bridgman', 74, 1514.68, 24, '2011-10-13 12:00:23'),
(664, 'hshardlowif', 'a8365c6475f622d3aecd4a30dd7f9df3b1d2dc6bee4c9a329f4ee4f39d94742d', 'Hasheem', 'Shardlow', 47, 3722.73, 125, '2019-11-09 06:19:53'),
(665, 'qmatuschekig', 'c7d5656cc9d826413354bd4ef442fcc24246b952ad6744153c59eaee06e6fd5b', 'Quincy', 'Matuschek', 32, 2985.59, 22, '2014-05-18 20:36:08'),
(666, 'rcradockih', '912f90e749290a4579c6f8b8294347b94fd4c8cda1de8e0a98c1b2e0751c096e', 'Renaud', 'Cradock', 18, 4356.79, 21, '2011-05-18 14:03:22'),
(667, 'hdibbii', 'ceb94a45ca3781ae50de5e921bdf62106ba973a4424cff26fd03dab2e69fbae1', 'Hamlen', 'Dibb', 79, 2007.21, 67, '2013-04-09 09:45:25'),
(668, 'klimeburnerij', '8dace8e37403d3f80c7533e5c6a160508346720583be491a7a0d46563022d0f3', 'Karleen', 'Limeburner', 45, 685.18, 119, '2018-07-07 12:24:09'),
(669, 'cobradaneik', '7df494615c40c866aa2ed55198f753b0be64428a44d830589c60e4bb739c5325', 'Chane', 'O''Bradane', 39, 4666.36, 81, '2012-04-13 16:24:05'),
(670, 'aetuckil', 'bc412656cdbd45dbcea4122027cfc315fa99617deefbc45d69a9eda0b4f744fb', 'Aloisia', 'Etuck', 54, 1714.16, 88, '2013-06-16 00:00:45'),
(671, 'dclinesim', '756bf7ecdcdb2e6fc168cc2ab680f398f70a748151de80f623223ca77e01e0f8', 'Daffi', 'Clines', 40, 112.44, 119, '2013-07-16 04:49:52'),
(672, 'fdagwellin', 'b370edd9ff62c9cf7f19e6ea4cc36bd3963430a16fbf84cbec33b556b76958f2', 'Findley', 'Dagwell', 61, 115.4, 41, '2015-05-09 23:52:42'),
(673, 'bchilderleyio', '70de0c821dabc8ed4f063972c176cf0291fcd0f1dd69e71aea4797da12c59e79', 'Bendite', 'Childerley', 62, 4889.58, 29, '2010-12-02 13:59:58'),
(674, 'deddsip', '6a97de27f87b168613b6b61a7fefa901eec7c64d9a1812d7b8a23f6865f5ab4e', 'Darby', 'Edds', 54, 703.03, 119, '2019-08-18 13:27:53'),
(675, 'adelasalleiq', '57d7c38ee5f00fd4846c47809f246bf63f90c9479e667a8599321f1dbefb15ba', 'Anson', 'De La Salle', 51, 2806.84, 99, '2013-10-17 01:24:02'),
(676, 'jboughtwoodir', '5fb0668341842e48880b155d85ca3269c90be60e77f63abda9309d96f1297ab4', 'Jeffry', 'Boughtwood', 21, 3171.72, 86, '2015-06-17 12:28:06'),
(677, 'npepineauxis', 'cab81b4226983fab1b4e4a4840b93eefe79b622d8acecfd4818625c973f9bfe2', 'Nichols', null, 78, 185.24, 125, '2012-06-25 05:32:43'),
(678, 'tgregorettiit', 'c6e06647a481a951a83ec1eb05b101f24cfaed5ff7d7f85f1275add668af68e1', 'Thom', 'Gregoretti', 65, 4519.72, 26, '2019-07-12 22:48:38'),
(679, 'jmozzettiiu', '8721763638f195cc88f4cfc75bb1bf6e504e414401ab87f3e5eccd01a15d3b72', 'Jeanelle', 'Mozzetti', 53, 66.38, 108, '2013-11-14 23:13:22'),
(680, 'jdupeyiv', '20101eb3379ad9d11e363be87fdc2f3ec1c7c35b2a0dee325e9267c29d1f3038', 'Jermayne', 'Dupey', 48, 2732.72, 4, '2016-05-08 19:09:46'),
(681, 'frosendalliw', '95f4eef92857c4b09ee719e1c034b9981fa7f89820de05c895e59ad22d248e8b', 'Fanni', null, 34, 909.63, 88, '2012-05-03 02:05:17'),
(682, 'npoveyix', '11ddcf3f20d9bc065a1d654d8e86b309acb75124d950c0b8469e549edf4e51a6', 'Norina', 'Povey', 39, 3223.06, 125, '2018-08-04 07:13:09'),
(683, 'gblakemoreiy', '9b1a99b5c5ee93e457bdd2b5ec7c20c5535f81e0cf48d468107914a731ef616e', 'Gothart', 'Blakemore', 77, 594.42, 16, '2016-12-11 17:19:30'),
(684, 'ucastroiz', '452a827275204cc57db24cb31f512ad728309fc425601968dc74b7c89bb15ac9', 'Ulberto', null, 56, 3362.64, 105, '2015-09-26 09:45:38'),
(685, 'bimortj0', '44d2e77e8ad833e13e7791af23c3408909427a9c8322b1ad28f5cc00cb58e5c8', 'Belvia', 'Imort', 45, 2585.54, 34, '2018-09-13 14:47:34'),
(686, 'kpalesj1', '4c2e32040aeb3078a4d19ce91d2ea679d856bd91bde5934ae08f4505162acedd', 'Katie', 'Pales', 39, 4808.03, 128, '2017-10-16 12:31:22'),
(687, 'csmallpeicej2', 'ace90e12f9ba5f67b13ea275c10b4644e91a4d0b63351bf6aae6a5e4bda98c86', 'Cammy', 'Smallpeice', 48, 4084.85, 6, '2019-03-19 17:10:11'),
(688, 'elyvenj3', '35f4df0ef658e2148406f7ab8f1c130680ceb11cf05ca871ba520456ea2f281d', 'Etan', 'Lyven', 37, 4257.72, 121, '2012-08-31 15:56:53'),
(689, 'fwrightonj4', '6d0da10c169e6bb4a64de973fbdd008e30d5f543f8c5a5ea733f0201715cb195', 'Frederick', 'Wrighton', 21, 1320.45, 71, '2014-10-16 22:58:09'),
(690, 'ooriordanj5', 'cee40d5b585e8e2cac501b98880ab1ec146c1bdfbe5996106dbe6e49f4a79cd7', 'Ottilie', 'O''Riordan', 46, 2428.49, 47, '2018-12-31 08:51:46'),
(691, 'inoseworthyj6', 'b796370578da8b41ad4e938efb60f3c9977010bfa6abb83e898274719759886b', 'Inesita', 'Noseworthy', 73, 2377.74, 3, '2014-07-24 06:35:15'),
(692, 'gmacnishj7', '5aa5bd7275a5f8f23055c1862416f27040b71b3718aa630ffe40d6ca4bc640df', 'Gilligan', 'MacNish', 75, 561.65, 24, '2011-01-07 21:51:53'),
(693, 'epopplewellj8', 'c62abe96945ee211fae3fc5ad8fb24511d85070222e0485785f3875dd673c38a', 'Elnore', null, 48, 2275.58, 85, '2010-03-07 08:07:03'),
(694, 'owittkej9', '2cf8c750d2eea6d3ea0409d3acb25e22329df770d3f2ef9901db8b9659b7a01d', 'Orella', 'Wittke', 71, 3222.16, 91, '2010-09-01 09:39:02'),
(695, 'lfoottitja', '1ec94d675f0c992364752df409f9be55783856611a15b60b1769aa3c114a56bb', 'Ludvig', 'Foottit', 50, 351.8, 26, '2012-07-30 04:56:23'),
(696, 'hcazinjb', '9a833e0fbc808768f87d17c7ccfa130ae5a0168bc913f8fbad1cf9247558c97f', 'Hillyer', 'Cazin', 56, 889.81, 107, '2011-12-16 19:53:23'),
(697, 'ilesurfjc', '5462b62248e2d19810f45f3bf7442140d80b57d89a63b63412d60d8699703582', 'Imogen', 'Le Surf', 31, 4511.42, 75, '2017-09-13 07:45:03'),
(698, 'aswatonjd', 'af4206b9692bc6cab79c5a6dfd0769e9bddfb2282fa44e0e8f9151644e47e5cb', 'Annette', 'Swaton', 62, 721.31, 64, '2011-06-15 09:53:17'),
(699, 'sprigmoreje', 'ae287e9374c6a431f09156cd8d1676910535ca063cdbadaa70934c3f940bb3d6', 'Shaylynn', 'Prigmore', 24, 4908.05, 27, '2012-10-19 06:53:21'),
(700, 'gcondelljf', '08d86ad8c229704065c1f7ad4874028c8c8a7fbeb4b66554221b93e67c048799', 'Ginnifer', 'Condell', 34, 862.7, 61, '2013-02-28 21:24:47'),
(701, 'aburgumjg', 'a34b7a649fe5f28b9eb447e06402731f9b133bd7b8c720ac20a6ae1802a96f20', 'Alina', null, 42, 2923.27, 104, '2018-04-15 18:29:52'),
(702, 'awilseejh', 'a6ae6f69123055c30e9663b68d330e1209ea00ac18c0f5c59b7fd99d366577c9', 'Adeline', 'Wilsee', 45, 2950.38, 94, '2013-02-12 21:23:59'),
(703, 'rconyersji', '52f3a9b044cc49616b7721167f386a15136ae274cde634cddc0d68a84e7811d0', 'Rubin', 'Conyers', 72, 4852.97, 85, '2010-12-25 12:55:12'),
(704, 'vfarrerjj', '0498b160c0c8ef1518abf711e22a2c43439bddc1d5f1c2e01e73bf741863c65b', 'Viv', 'Farrer', 42, 4957.13, 65, '2011-01-29 19:59:07'),
(705, 'ejagielajk', 'c733956c545fec0f97c10c7d47a2cb850bc5d8a5370a7834330b5af0992dacd1', 'Evita', 'Jagiela', 35, 1275.77, 92, '2013-03-10 18:31:44'),
(706, 'rbriarsjl', '4473b0fb38de13b96e90b7fe0c3343987ec5db3abc6a0ed0f28aa0e9b52df5b2', 'Ranee', 'Briars', 43, 2030.06, 45, '2018-07-24 19:49:59'),
(707, 'bclapisonjm', '33b5068e8fc53c6729b8666b6692512a52792f8058963ef38a800b0eb4f0f850', 'Barbaraanne', null, 61, 1848.99, 2, '2014-06-14 23:50:12'),
(708, 'rledingtonjn', '5cb9f9100dcd0ccb4b58c3b09c61416765ab250b894a662ad2f6ac37d70c95a4', 'Rabi', 'Ledington', 39, 2190.4, 45, '2013-10-23 22:07:44'),
(709, 'kwillshirejo', 'c2c5353bbef9769f566a9e45f56e1e1a4c9afd6b54d1a83f4f63681acd3c9969', 'Kennie', 'Willshire', 73, 2848.48, 51, '2016-09-07 14:11:12'),
(710, 'mparkesonjp', '94e9c992f9b3979f3f8c2f9ae0d52a0e7ab8b5f54df67e9037fd782ad6b334bb', 'Murry', 'Parkeson', 75, 3547.19, 110, '2011-04-20 08:37:19'),
(711, 'jerikjq', '5408363a0a36e07f11ed89657e34b3201861154581fa16b4d54634ce35e2a7bd', 'Janna', null, 48, 4712.98, 103, '2018-12-11 10:47:46'),
(712, 'lsimmonsjr', '8d7d18558e8f392603876e1a9fb2624198562bc559cb661343bccf1a1abc1c31', 'Lane', 'Simmons', 31, 928.82, 91, '2018-07-06 17:48:25'),
(713, 'ecoxenjs', '52a28b3e6370013bf1fa77aec833311c62b93639baca6d5c9bebc0ad132b522f', 'Elyn', 'Coxen', 31, 3049.58, 126, '2019-08-10 15:56:39'),
(714, 'cwoodagejt', '351e76e1187a603af66517256f15e46a317c31817ec0598558eb5c5f2af76721', 'Conrade', 'Woodage', 61, 3797.71, 15, '2014-12-16 03:19:34'),
(715, 'mcisarju', '78ee140ee4cfe1c85e62ca9a89d6d669462001c0360aea8e5bebfa45bd8323a0', 'Micah', null, 78, 3747.36, 97, '2018-01-11 09:24:41'),
(716, 'tmclartyjv', '4b2b293c510c6923cabbbc6f6ffcd59eba5e110af799b4950af52c559653e379', 'Torre', 'McLarty', 34, 4575.81, 103, '2019-11-08 02:51:15'),
(717, 'pbampfieldjw', '97c6edea35b8ed753a827ef494cfc121c4932884870fba6b8995157ba538674a', 'Phebe', 'Bampfield', 29, 4726.93, 35, '2011-07-25 22:37:33'),
(718, 'kyurlovjx', 'c40392375e6b2f03dcb4d7652e5783cc72150207a66550df06c328f102205b43', 'Kikelia', 'Yurlov', 79, 2122.93, 118, '2017-12-24 03:51:44'),
(719, 'callderidgejy', '591901c1dcf4ac6c68431ec01aa6cdb9d0b920ff91c40875e134496fb647c6c5', 'Cassandre', 'Allderidge', 57, 1841.14, 93, '2014-06-10 17:38:28'),
(720, 'edudlestonjz', '8018484ab7ba008d40ab4e678ef2b334389f025886ea18a1d7aabc209cf00b6b', 'Estrella', 'Dudleston', 72, 494.14, 5, '2017-11-18 20:53:49'),
(721, 'linstrellk0', 'bd7d40777ebec0a6fbc0aa7c24134246296e33d149315818478f30ffc4e27634', 'Luella', null, 26, 230.69, 1, '2012-02-19 16:42:19'),
(722, 'wmorfordk1', '3cdb699b1972c61e7515d4077c5dbedaec288cb416ae5ecaa1f33d643039ddea', 'Walton', 'Morford', 70, 459.66, 56, '2014-09-24 22:48:18'),
(723, 'wdawsonk2', '761596cff4be61a42a6ca6cf6301f530f022e65e1ca7d41ce371d761d54200f0', 'Westleigh', 'Dawson', 41, 2308.09, 120, '2011-10-29 12:44:35'),
(724, 'dbehrensk3', 'dbdbc75a4fc7875ab18198bae178ca4df58e484d0be129bbc9bea066ca05e8e2', 'Dolly', 'Behrens', 63, 1284.64, 43, '2010-09-19 22:57:46'),
(725, 'wmewk4', 'f42ccc2e980a117895b77375a38a73e3b5afb5fb0adc9843ad0c8f04f424de3f', 'Wilbur', 'Mew', 50, 4935.43, 41, '2017-03-24 08:02:56'),
(726, 'uschollark5', '591619f8080b849f89671116239a587845bf13b3a41139fc5bed44dcacf8de01', 'Ulrike', 'Schollar', 32, 4732.72, 56, '2014-04-16 22:47:26'),
(727, 'swolteringk6', 'c9389052318abb48f895ae8ffd78aea4d4ee1d2c0b85428e3e74913f628cac40', 'Seamus', 'Woltering', 25, 53.41, 2, '2017-10-19 16:50:58'),
(728, 'rbuggsk7', '32fbf14b829d7124716ecbb7bb5c867799d3d6fdb91117485ace270f2322fcc9', 'Raven', 'Buggs', 36, 1503.49, 25, '2018-05-30 01:00:54'),
(729, 'fmccrillisk8', '1a63551ea9c1d56aa702afc786a34d959513694862a44b47c71ceb3ad4a6867e', 'Fabian', 'McCrillis', 40, 1926.82, 33, '2019-07-22 11:19:14'),
(730, 'amathiask9', 'db803fe790d78c8379d3026c4444dc71c3c5057d4bbcac6bfe15cac267809024', 'Aryn', 'Mathias', 41, 2332.75, 37, '2015-04-25 06:24:16'),
(731, 'nvanichevka', '9db47d7f9ff12eae5fcf461f88ee462ef5a080d677e403f6900482d610557b54', 'Nicolle', 'Vanichev', 73, 2988.66, 102, '2010-08-20 14:16:22'),
(732, 'evanettikb', 'bd4d95017e5b783b77ac22d0ad5fac7c5f1d84857ceb98766088744f6c82675d', 'Elna', 'Vanetti', 77, 3689.33, 125, '2014-09-24 20:19:27'),
(733, 'pcoomkc', 'd8ee52c524d7d884856811e4f9263bba1e809df5d2c50c1c19e3b4c1a5189697', 'Page', 'Coom', 52, 4087.41, 52, '2017-09-03 15:06:55'),
(734, 'vinnotkd', '4ddb22ebe79b8758b77a28d4aca05124837260216c1589dd5e56f19021111f4c', 'Verene', 'Innot', 68, 2197.68, 20, '2018-11-11 00:11:42'),
(735, 'bdarridonke', '073ade86de261ae5097e377592b9cee4e75cb5c09ccb448e961111b17c65ba9b', 'Broddy', 'Darridon', 77, 2653.01, 19, '2016-10-12 13:02:29'),
(736, 'mpidgeonkf', '01ee5ec15d157c72e40ac4fb3f155875188486072dfa120766bd834cdec379d2', 'Martelle', 'Pidgeon', 24, 2679.33, 108, '2018-02-26 06:14:21'),
(737, 'azealeykg', '70da32af5362441f89d7c6f811446a202d6a4905d9097c878badc986c8273f36', 'Aluin', 'Zealey', 38, 4759.95, 127, '2011-06-24 22:08:12'),
(738, 'pkelloggkh', '6c4e79f9e10d55eb50e3c749c55577dcb2461ea47c7cbf8c4937ede7d620e196', 'Phyllis', 'Kellogg', 22, 3718.03, 82, '2015-07-11 11:04:17'),
(739, 'cvisteki', '4339a4eac4a9c7d7ae5f30c07c018b49f91ea5069e8ee063a06561c2f83e46f0', 'Cahra', 'Viste', 61, 1912.33, 94, '2014-07-03 04:45:54'),
(740, 'epreskettkj', 'e122a469c9203c77be95aada228ca489513503bb9cd45cfe7a04867fc7f63b77', 'Ellswerth', 'Preskett', 55, 149.05, 20, '2014-02-24 17:56:45'),
(741, 'ttomkinskk', 'a33c6fac53f9d1492e70a9491916b6233bae051f662c8e40c02f745ab19f3210', 'Tarah', 'Tomkins', 79, 3428.62, 38, '2015-02-25 07:02:15'),
(742, 'bselwynkl', '774de6bba04800323588f12c7198edce6a5d7e4d9da8fd0ec065d666c0f5ce39', 'Brok', 'Selwyn', 78, 3166.59, 64, '2016-04-30 05:27:10'),
(743, 'dcindereykm', '7fae06f36c9498ad5461e37f00e3293f289e6c8507dc364c71c0a129288ab3f3', 'Duffie', null, 55, 170.61, 7, '2019-09-09 07:39:58'),
(744, 'qrymellkn', 'eaaf87a6cd838ded8daec9242256d2216da2fffaf01ab80efeecffcb11a05823', 'Quentin', 'Rymell', 70, 4232.28, 41, '2017-08-16 16:20:40'),
(745, 'aostridgeko', '0a03822f076e18670ec49fb5b5b59106241b74f89b0cceb98eab63df95631e7a', 'Alex', 'Ostridge', 76, 1913.03, 4, '2011-12-26 16:09:57'),
(746, 'tblagburnkp', '1bbedf76ca82cfe04c3364e87201233a0b2d387cf937464808d582276cecb17c', 'Torey', 'Blagburn', 71, 1259.45, 93, '2014-01-13 21:41:53'),
(747, 'rtyaskq', 'ae37edb96ba0d1f36aa59563a4bac32d5333691ceec385fe447a0b6f0f48f945', 'Rhodia', null, 60, 357.34, 61, '2019-10-01 13:55:55'),
(748, 'hcartmelkr', '5d63f8089c4045a024cdb67004c269ed7fe9ea87aed67e313ffea39103cfb2a5', 'Hatti', 'Cartmel', 73, 3844.38, 105, '2015-05-31 17:01:37'),
(749, 'sgideonks', '05fd6a5dfab1effbaa0b4131d9691f1d6cb8b69d7f36aae73c21a367e2ed1064', 'Saudra', 'Gideon', 23, 3687.11, 105, '2010-12-28 12:04:27'),
(750, 'ylyfekt', 'a5459bbd2a44f574cfb35d1e286d8391e4572aeadfdc067003b30003daa0b399', 'Yasmin', 'Lyfe', 64, 1398.05, 127, '2015-02-15 22:29:28'),
(751, 'fowttrimku', 'f18f26769b41acff1fc2cbc69c5dc71225d15dac4582ebeaa8309b7d2bfd0312', 'Flore', 'Owttrim', 21, 2021.69, 112, '2019-09-12 21:33:04'),
(752, 'glarrawaykv', 'f35755c2a08dd136b8178fe0df9bc2f05cad9da88bae2cd155588effa8a64876', 'Georas', 'Larraway', 52, 3498.46, 73, '2011-09-30 18:34:39'),
(753, 'gcolbykw', '484bdfb191a2f35cdbb912680c321de86a108501bc5192e701207e2da8b1b7f5', 'Gerianne', 'Colby', 53, 764.1, 11, '2017-05-27 04:55:42');

INSERT INTO orders (id, user_id, order_date, is_completed) VALUES 
(1, 554, '2019/02/19', false),
(2, 486, '2017/03/17', true),
(3, 147, '2014/03/31', true),
(4, 285, '2011/11/05', true),
(5, 270, '2015/09/04', true),
(6, 593, '2010/06/13', true),
(7, 99, '2017/01/12', false),
(8, 685, '2015/10/31', false),
(9, 202, '2015/01/21', true),
(10, 435, '2012/12/28', false),
(11, 599, '2011/10/25', false),
(12, 518, '2019/06/10', true),
(13, 33, '2018/04/28', false),
(14, 652, '2017/03/14', false),
(15, 654, '2013/05/08', false),
(16, 652, '2010/03/14', false),
(17, 560, '2019/02/19', true),
(18, 616, '2017/10/16', false),
(19, 208, '2011/05/16', false),
(20, 19, '2016/01/20', false),
(21, 686, '2015/09/01', true),
(22, 747, '2013/07/11', false),
(23, 126, '2015/09/10', false),
(24, 577, '2017/02/02', true),
(25, 656, '2013/11/30', true),
(26, 29, '2010/11/26', true),
(27, 143, '2013/02/14', true),
(28, 681, '2012/10/03', false),
(29, 611, '2019/07/06', true),
(30, 714, '2017/05/20', true),
(31, 341, '2012/12/11', false),
(32, 298, '2015/01/25', true),
(33, 117, '2019/10/13', true),
(34, 609, '2016/10/30', true),
(35, 88, '2014/09/28', true),
(36, 204, '2015/08/08', true),
(37, 309, '2015/07/08', false),
(38, 151, '2018/06/21', true),
(39, 545, '2015/04/06', true),
(40, 685, '2017/10/03', true),
(41, 372, '2017/11/03', true),
(42, 540, '2016/01/27', false),
(43, 12, '2014/03/19', false),
(44, 287, '2017/11/03', true),
(45, 295, '2012/05/03', true),
(46, 667, '2013/02/06', false),
(47, 401, '2016/06/08', false),
(48, 664, '2011/02/23', true),
(49, 63, '2018/05/12', false),
(50, 28, '2017/07/10', true),
(51, 179, '2011/06/21', true),
(52, 234, '2012/12/26', false),
(53, 30, '2015/01/02', false),
(54, 124, '2010/06/02', true),
(55, 520, '2013/04/11', false),
(56, 263, '2014/02/27', true),
(57, 316, '2017/06/15', true),
(58, 54, '2013/11/26', true),
(59, 457, '2012/09/13', true),
(60, 29, '2015/07/16', true),
(61, 341, '2019/07/27', false),
(62, 702, '2019/09/27', true),
(63, 471, '2016/02/14', false),
(64, 452, '2016/09/08', false),
(65, 419, '2015/04/01', true),
(66, 391, '2012/05/20', true),
(67, 118, '2018/12/12', false),
(68, 591, '2016/04/01', true),
(69, 244, '2013/03/27', false),
(70, 518, '2016/01/24', false),
(71, 426, '2017/05/27', true),
(72, 224, '2018/01/25', false),
(73, 77, '2019/09/17', true),
(74, 376, '2016/10/29', true),
(75, 349, '2012/11/06', false),
(76, 560, '2015/01/04', false),
(77, 627, '2017/02/16', true),
(78, 250, '2019/02/14', true),
(79, 206, '2017/12/06', true),
(80, 86, '2015/03/24', true),
(81, 687, '2011/03/08', true),
(82, 151, '2014/06/03', false),
(83, 111, '2015/08/20', false),
(84, 407, '2015/11/24', true),
(85, 43, '2015/06/08', false),
(86, 723, '2016/01/30', true),
(87, 597, '2018/07/18', true),
(88, 19, '2018/09/13', true),
(89, 253, '2016/03/19', false),
(90, 286, '2013/04/10', true),
(91, 520, '2014/03/09', false),
(92, 232, '2011/11/10', true),
(93, 744, '2019/10/29', false),
(94, 186, '2013/09/26', false),
(95, 405, '2014/04/02', false),
(96, 77, '2013/11/15', false),
(97, 596, '2019/01/21', true),
(98, 653, '2010/03/05', true),
(99, 79, '2018/05/06', true),
(100, 20, '2011/10/08', true),
(101, 673, '2016/08/29', true),
(102, 115, '2014/08/30', true),
(103, 64, '2014/01/11', true),
(104, 34, '2018/07/27', false),
(105, 194, '2016/03/07', true),
(106, 16, '2018/06/06', false),
(107, 359, '2015/08/17', true),
(108, 429, '2012/01/28', true),
(109, 133, '2014/02/07', false),
(110, 634, '2010/10/30', false),
(111, 605, '2015/05/08', false),
(112, 664, '2017/01/18', false),
(113, 29, '2014/01/02', false),
(114, 166, '2018/02/10', false),
(115, 359, '2014/09/08', false),
(116, 25, '2018/11/19', false),
(117, 382, '2017/10/05', false),
(118, 329, '2012/03/13', false),
(119, 30, '2015/03/06', true),
(120, 335, '2018/02/16', true),
(121, 473, '2019/11/12', false),
(122, 540, '2015/03/14', false),
(123, 479, '2010/10/30', true),
(124, 175, '2019/03/13', true),
(125, 526, '2018/10/30', true),
(126, 471, '2011/04/22', false),
(127, 193, '2014/11/26', false),
(128, 283, '2017/03/13', false),
(129, 269, '2017/11/01', true),
(130, 632, '2019/09/23', true),
(131, 549, '2011/04/14', true),
(132, 347, '2014/08/02', false),
(133, 325, '2010/12/01', true),
(134, 354, '2012/03/17', false),
(135, 630, '2016/11/12', false),
(136, 494, '2016/04/27', false),
(137, 471, '2019/07/11', false),
(138, 199, '2011/02/17', false),
(139, 104, '2015/09/30', false),
(140, 151, '2016/02/04', false),
(141, 378, '2013/03/27', true),
(142, 653, '2018/04/05', true),
(143, 444, '2012/06/27', false),
(144, 467, '2015/12/30', false),
(145, 721, '2010/09/17', false),
(146, 711, '2015/03/25', true),
(147, 54, '2018/11/28', true),
(148, 325, '2014/12/14', true),
(149, 489, '2019/09/05', false),
(150, 7, '2018/10/04', true),
(151, 618, '2013/10/11', true),
(152, 259, '2015/12/23', true),
(153, 683, '2012/12/24', false),
(154, 669, '2010/11/15', true),
(155, 647, '2010/05/13', false),
(156, 650, '2012/09/17', false),
(157, 76, '2011/11/24', false),
(158, 354, '2014/11/20', true),
(159, 402, '2017/09/05', true),
(160, 397, '2016/03/08', false),
(161, 208, '2017/07/28', false),
(162, 678, '2012/03/05', false),
(163, 729, '2018/03/14', true),
(164, 226, '2018/05/25', false),
(165, 566, '2017/11/04', true),
(166, 409, '2017/10/14', false),
(167, 736, '2016/10/17', true),
(168, 384, '2013/12/06', true),
(169, 745, '2019/03/29', false),
(170, 704, '2018/05/15', false),
(171, 580, '2017/12/09', false),
(172, 92, '2013/10/12', true),
(173, 161, '2017/02/25', true),
(174, 175, '2013/04/08', false),
(175, 317, '2017/10/25', false),
(176, 259, '2013/12/05', false),
(177, 52, '2018/04/18', true),
(178, 367, '2016/10/18', false),
(179, 726, '2012/01/24', false),
(180, 401, '2011/11/20', false),
(181, 104, '2011/12/12', true),
(182, 657, '2011/04/10', false),
(183, 26, '2014/02/21', true),
(184, 418, '2018/09/21', true),
(185, 433, '2013/01/13', false),
(186, 85, '2019/11/19', false),
(187, 343, '2016/12/24', true),
(188, 698, '2019/10/03', false),
(189, 242, '2016/07/22', true),
(190, 191, '2011/09/23', false),
(191, 135, '2015/10/26', false),
(192, 570, '2015/01/13', true),
(193, 522, '2013/12/28', true),
(194, 375, '2016/10/03', true),
(195, 584, '2016/03/02', true),
(196, 533, '2011/02/14', false),
(197, 688, '2011/11/23', false),
(198, 66, '2012/12/24', false),
(199, 147, '2015/05/17', true),
(200, 73, '2016/07/31', false),
(201, 504, '2016/01/22', false),
(202, 502, '2012/03/30', false),
(203, 452, '2019/04/07', false),
(204, 150, '2014/11/16', true),
(205, 162, '2013/06/11', true),
(206, 176, '2019/11/26', true),
(207, 206, '2011/08/06', false),
(208, 18, '2015/09/15', false),
(209, 644, '2017/11/26', true),
(210, 176, '2018/06/26', true),
(211, 140, '2017/10/30', true),
(212, 567, '2016/12/12', true),
(213, 694, '2014/03/22', true),
(214, 222, '2010/11/16', true),
(215, 341, '2014/02/27', false),
(216, 682, '2019/01/04', true),
(217, 91, '2016/04/07', true),
(218, 6, '2018/09/16', false),
(219, 432, '2018/11/17', true),
(220, 451, '2011/05/27', false),
(221, 51, '2019/01/10', true),
(222, 278, '2014/08/17', false),
(223, 497, '2013/06/14', true),
(224, 4, '2010/01/02', false),
(225, 287, '2014/04/15', false),
(226, 636, '2019/10/10', true),
(227, 320, '2010/05/26', false),
(228, 106, '2018/04/18', false),
(229, 173, '2013/11/09', false),
(230, 377, '2013/10/21', true),
(231, 5, '2013/09/17', false),
(232, 224, '2013/03/02', true),
(233, 368, '2017/05/26', false),
(234, 183, '2011/08/27', false),
(235, 254, '2017/03/06', false),
(236, 593, '2017/05/31', false),
(237, 440, '2012/09/06', false),
(238, 406, '2017/06/21', false),
(239, 262, '2010/07/07', true),
(240, 302, '2013/03/21', false),
(241, 446, '2017/09/13', false),
(242, 546, '2015/07/11', true),
(243, 483, '2016/12/05', false),
(244, 331, '2014/05/07', true),
(245, 230, '2016/11/20', false),
(246, 420, '2015/11/05', true),
(247, 241, '2015/11/25', true),
(248, 114, '2013/03/07', true),
(249, 422, '2019/01/16', false),
(250, 433, '2015/09/19', false),
(251, 363, '2011/04/01', true),
(252, 111, '2012/03/29', true),
(253, 573, '2016/01/15', true),
(254, 114, '2011/11/03', false),
(255, 482, '2010/05/11', false),
(256, 462, '2010/10/14', true),
(257, 57, '2013/07/20', true),
(258, 60, '2011/07/03', true),
(259, 570, '2012/04/14', false),
(260, 189, '2011/08/20', true),
(261, 306, '2011/04/07', true),
(262, 256, '2018/12/01', true),
(263, 649, '2016/09/16', false),
(264, 607, '2010/10/02', true),
(265, 402, '2012/01/14', false),
(266, 280, '2014/11/19', true),
(267, 279, '2013/08/23', false),
(268, 391, '2019/09/29', false),
(269, 500, '2016/09/02', true),
(270, 405, '2010/10/14', true),
(271, 165, '2018/03/26', false),
(272, 536, '2017/06/10', false),
(273, 59, '2016/01/19', true),
(274, 7, '2015/04/14', false),
(275, 320, '2014/03/26', false),
(276, 300, '2014/09/25', true),
(277, 13, '2019/03/04', false),
(278, 351, '2014/02/05', true),
(279, 704, '2018/05/21', true),
(280, 582, '2014/05/23', true),
(281, 166, '2019/10/12', true),
(282, 285, '2013/12/20', true),
(283, 70, '2010/06/12', false),
(284, 542, '2016/11/27', false),
(285, 100, '2017/01/16', false),
(286, 370, '2016/01/04', true),
(287, 215, '2013/03/23', true),
(288, 602, '2013/08/03', false),
(289, 184, '2017/11/04', false),
(290, 181, '2015/12/30', true),
(291, 403, '2015/08/08', true),
(292, 717, '2018/11/04', true),
(293, 347, '2013/04/22', true),
(294, 208, '2014/09/29', true),
(295, 144, '2018/07/16', false),
(296, 286, '2014/11/06', false),
(297, 751, '2014/06/25', true),
(298, 126, '2011/09/13', true),
(299, 431, '2015/07/25', true),
(300, 671, '2011/07/10', true),
(301, 464, '2019/07/26', true),
(302, 43, '2010/10/19', false),
(303, 295, '2018/11/26', true),
(304, 112, '2017/04/22', false),
(305, 480, '2012/08/02', false),
(306, 235, '2013/12/10', false),
(307, 20, '2010/06/27', false),
(308, 161, '2014/02/03', false),
(309, 356, '2019/02/28', true),
(310, 580, '2015/04/19', true),
(311, 663, '2015/05/17', true),
(312, 9, '2010/06/19', false),
(313, 290, '2017/05/04', true),
(314, 598, '2010/08/22', true),
(315, 695, '2016/07/24', true),
(316, 279, '2018/04/13', true),
(317, 274, '2016/02/04', true),
(318, 369, '2011/11/14', true),
(319, 458, '2019/10/23', true),
(320, 465, '2011/10/11', true),
(321, 542, '2012/09/14', false),
(322, 208, '2014/03/23', false),
(323, 247, '2018/04/24', false),
(324, 473, '2019/02/05', false),
(325, 71, '2013/09/15', true),
(326, 375, '2018/06/09', false),
(327, 617, '2017/08/05', true),
(328, 14, '2013/09/10', true),
(329, 224, '2010/09/04', false),
(330, 441, '2018/03/23', false),
(331, 301, '2014/02/06', true),
(332, 734, '2013/12/07', false),
(333, 490, '2018/11/06', false),
(334, 364, '2011/04/22', false),
(335, 500, '2014/08/18', true),
(336, 155, '2017/03/15', true),
(337, 157, '2012/04/11', true),
(338, 134, '2011/12/16', true),
(339, 712, '2012/09/20', false),
(340, 15, '2010/01/19', false),
(341, 430, '2017/07/11', true),
(342, 430, '2018/10/25', true),
(343, 556, '2017/12/22', false),
(344, 83, '2014/04/19', false),
(345, 736, '2017/07/02', true),
(346, 264, '2015/12/22', true),
(347, 135, '2014/04/23', false),
(348, 127, '2019/11/28', true),
(349, 536, '2017/10/31', true),
(350, 31, '2010/04/02', true),
(351, 684, '2016/09/14', true),
(352, 752, '2019/01/05', false),
(353, 336, '2011/04/30', true),
(354, 292, '2010/11/17', false),
(355, 253, '2016/11/28', false),
(356, 288, '2012/07/17', true),
(357, 476, '2014/02/27', true),
(358, 242, '2010/09/02', false),
(359, 269, '2014/03/24', true),
(360, 237, '2017/06/20', false),
(361, 254, '2012/03/09', true),
(362, 416, '2011/04/09', true),
(363, 578, '2011/08/02', false),
(364, 60, '2010/12/08', false),
(365, 612, '2017/10/23', false),
(366, 367, '2017/12/02', true),
(367, 747, '2016/01/19', true),
(368, 596, '2017/01/06', false),
(369, 112, '2013/12/06', true),
(370, 313, '2012/11/15', true),
(371, 395, '2013/08/18', true),
(372, 244, '2019/08/02', true),
(373, 453, '2012/08/08', true),
(374, 661, '2010/10/20', true),
(375, 380, '2012/05/07', false),
(376, 393, '2012/08/26', true),
(377, 471, '2014/04/20', false),
(378, 491, '2018/02/10', false),
(379, 346, '2018/12/06', true),
(380, 564, '2016/07/23', true),
(381, 87, '2015/07/28', false),
(382, 644, '2016/11/20', false),
(383, 519, '2017/05/10', true),
(384, 353, '2017/02/07', true),
(385, 68, '2010/04/04', true),
(386, 152, '2017/07/02', true),
(387, 1, '2010/08/28', true),
(388, 207, '2010/02/25', true),
(389, 454, '2011/01/10', false),
(390, 583, '2019/08/06', false),
(391, 518, '2014/07/18', false),
(392, 14, '2012/02/15', true),
(393, 175, '2019/06/01', false),
(394, 116, '2013/10/14', true),
(395, 36, '2010/11/25', false),
(396, 564, '2010/09/02', false),
(397, 204, '2015/07/02', true),
(398, 490, '2010/11/06', false),
(399, 92, '2016/01/20', false),
(400, 581, '2014/09/30', false),
(401, 722, '2018/09/06', false),
(402, 518, '2019/06/02', false),
(403, 467, '2017/11/18', true),
(404, 267, '2013/07/11', true),
(405, 252, '2012/12/17', false),
(406, 111, '2017/05/27', false),
(407, 731, '2011/08/26', true),
(408, 573, '2019/01/27', false),
(409, 501, '2012/07/22', false),
(410, 145, '2014/07/02', false),
(411, 91, '2016/07/30', false),
(412, 380, '2016/03/17', false),
(413, 530, '2014/02/26', false),
(414, 99, '2018/06/16', true),
(415, 544, '2010/10/28', true),
(416, 248, '2013/11/04', false),
(417, 321, '2012/10/24', false),
(418, 515, '2013/04/02', true),
(419, 335, '2014/03/12', true),
(420, 323, '2011/01/20', false),
(421, 606, '2017/10/13', false),
(422, 463, '2013/10/10', true),
(423, 646, '2013/04/17', false),
(424, 56, '2019/01/11', false),
(425, 283, '2011/07/09', false),
(426, 331, '2017/08/30', true),
(427, 561, '2015/01/21', false),
(428, 724, '2011/01/17', false),
(429, 539, '2018/12/24', false),
(430, 488, '2012/09/01', true),
(431, 494, '2019/08/21', true),
(432, 102, '2017/02/17', true),
(433, 369, '2016/12/19', true),
(434, 645, '2019/02/23', true),
(435, 620, '2015/07/22', false),
(436, 746, '2016/09/08', false),
(437, 374, '2018/10/23', false),
(438, 607, '2011/02/19', false),
(439, 238, '2011/06/25', true),
(440, 428, '2014/10/11', false),
(441, 540, '2019/11/03', false),
(442, 523, '2017/02/25', true),
(443, 667, '2015/08/18', true),
(444, 707, '2017/06/07', false),
(445, 297, '2018/02/10', false),
(446, 171, '2014/05/02', true),
(447, 648, '2010/03/14', false),
(448, 343, '2010/10/02', true),
(449, 748, '2018/01/29', false),
(450, 750, '2010/01/12', false),
(451, 533, '2010/12/19', true),
(452, 704, '2014/11/15', false),
(453, 278, '2010/07/17', false),
(454, 210, '2019/11/03', true),
(455, 98, '2016/12/30', false),
(456, 433, '2013/01/01', true),
(457, 558, '2015/12/13', false),
(458, 143, '2017/05/25', true),
(459, 595, '2016/12/06', false),
(460, 602, '2019/10/15', false),
(461, 75, '2013/09/01', true),
(462, 208, '2011/11/27', false),
(463, 143, '2014/01/04', false),
(464, 268, '2014/03/14', false),
(465, 709, '2018/01/02', true),
(466, 651, '2013/03/30', true),
(467, 720, '2017/02/05', true),
(468, 144, '2013/04/27', false),
(469, 628, '2017/09/14', true),
(470, 195, '2017/04/09', false),
(471, 738, '2015/11/22', false),
(472, 536, '2018/01/30', true),
(473, 584, '2015/07/29', true),
(474, 507, '2011/02/25', true),
(475, 417, '2017/06/07', true),
(476, 583, '2012/09/10', true),
(477, 408, '2011/05/05', false),
(478, 633, '2015/06/08', false),
(479, 145, '2017/06/13', true),
(480, 685, '2018/11/13', false),
(481, 395, '2018/03/16', true),
(482, 474, '2016/08/17', false),
(483, 179, '2015/12/31', true),
(484, 136, '2013/06/22', true),
(485, 157, '2019/05/02', true),
(486, 676, '2019/05/19', true),
(487, 442, '2013/10/30', false),
(488, 556, '2010/07/01', true),
(489, 12, '2010/02/16', false),
(490, 725, '2011/03/07', false),
(491, 683, '2016/08/21', true),
(492, 379, '2019/10/30', true),
(493, 273, '2011/12/23', false),
(494, 634, '2019/10/15', false),
(495, 114, '2017/10/14', true),
(496, 447, '2015/01/11', true),
(497, 35, '2019/09/27', false),
(498, 19, '2011/06/19', true),
(499, 274, '2019/03/14', true),
(500, 476, '2016/03/02', true),
(501, 362, '2018/07/30', true),
(502, 613, '2018/06/13', false),
(503, 387, '2014/09/23', true),
(504, 660, '2011/03/05', true),
(505, 417, '2016/12/01', true),
(506, 271, '2016/06/29', true),
(507, 270, '2017/10/26', false),
(508, 392, '2019/10/24', true),
(509, 521, '2014/06/15', true),
(510, 493, '2012/02/25', false),
(511, 689, '2018/12/23', true),
(512, 683, '2019/06/15', true),
(513, 597, '2013/12/18', true),
(514, 406, '2019/01/12', false),
(515, 267, '2019/10/26', true),
(516, 749, '2015/07/18', true),
(517, 605, '2019/11/06', true),
(518, 544, '2019/02/19', false),
(519, 192, '2013/12/06', false),
(520, 259, '2014/05/16', false),
(521, 430, '2012/01/21', true),
(522, 477, '2013/09/20', true),
(523, 657, '2014/06/11', true),
(524, 156, '2017/05/15', false),
(525, 724, '2013/11/30', true),
(526, 709, '2010/02/12', true),
(527, 598, '2017/11/22', false),
(528, 684, '2014/09/16', false),
(529, 592, '2011/02/10', true),
(530, 441, '2013/10/04', true),
(531, 411, '2015/11/07', false),
(532, 559, '2018/10/22', true),
(533, 373, '2017/12/04', false),
(534, 373, '2016/03/09', false),
(535, 482, '2013/12/15', false),
(536, 140, '2013/01/07', true),
(537, 634, '2013/12/27', true),
(538, 739, '2016/03/11', true),
(539, 729, '2012/12/30', false),
(540, 282, '2016/03/13', false),
(541, 203, '2019/06/29', false),
(542, 624, '2011/09/09', false),
(543, 322, '2018/08/24', false),
(544, 486, '2019/05/30', true),
(545, 731, '2012/12/22', true),
(546, 588, '2019/01/24', true),
(547, 83, '2019/10/17', false),
(548, 165, '2010/06/08', true),
(549, 206, '2017/12/13', false),
(550, 296, '2012/01/26', true),
(551, 285, '2011/02/09', true),
(552, 227, '2016/07/19', false),
(553, 260, '2019/08/04', true),
(554, 419, '2011/08/02', true),
(555, 442, '2011/04/20', false),
(556, 680, '2014/06/08', true),
(557, 629, '2013/11/27', true),
(558, 605, '2017/10/16', false),
(559, 261, '2015/11/18', false),
(560, 287, '2013/07/07', true),
(561, 130, '2013/03/21', true),
(562, 404, '2012/05/03', true),
(563, 142, '2016/12/30', true),
(564, 180, '2014/11/03', true),
(565, 97, '2010/06/12', false),
(566, 348, '2016/12/18', false),
(567, 462, '2014/07/29', true),
(568, 749, '2015/10/05', false),
(569, 621, '2015/04/13', true),
(570, 608, '2017/06/16', true),
(571, 462, '2013/07/31', true),
(572, 521, '2016/11/10', false),
(573, 66, '2019/07/14', true),
(574, 417, '2013/07/06', false),
(575, 443, '2018/07/05', true),
(576, 91, '2016/10/27', false),
(577, 551, '2017/09/22', true),
(578, 356, '2018/10/28', true),
(579, 491, '2013/01/31', true),
(580, 125, '2014/05/03', true),
(581, 32, '2011/07/05', true),
(582, 406, '2018/04/06', false),
(583, 2, '2013/06/10', false),
(584, 491, '2014/05/28', false),
(585, 700, '2011/03/26', true),
(586, 359, '2010/04/05', true),
(587, 360, '2011/10/23', false),
(588, 278, '2018/12/17', true),
(589, 490, '2019/06/24', true),
(590, 304, '2011/06/13', false),
(591, 371, '2018/12/10', true),
(592, 338, '2018/12/13', true),
(593, 3, '2019/01/29', false),
(594, 474, '2011/01/05', true),
(595, 169, '2012/08/27', true),
(596, 689, '2018/11/13', false),
(597, 380, '2011/11/24', false),
(598, 345, '2018/04/10', false),
(599, 581, '2010/05/22', true),
(600, 577, '2014/08/30', false),
(601, 540, '2011/04/06', false),
(602, 73, '2019/06/02', true),
(603, 674, '2014/02/02', false),
(604, 709, '2018/04/24', false),
(605, 40, '2014/05/26', false),
(606, 439, '2013/08/20', true),
(607, 362, '2010/04/29', false),
(608, 591, '2017/11/20', false),
(609, 30, '2017/07/18', false),
(610, 138, '2018/09/12', false),
(611, 134, '2010/05/29', true),
(612, 595, '2019/04/13', true),
(613, 417, '2013/05/28', true),
(614, 175, '2012/05/28', true),
(615, 609, '2016/03/28', false),
(616, 45, '2018/04/21', false),
(617, 568, '2019/05/01', true),
(618, 210, '2019/02/25', false),
(619, 100, '2013/02/10', true),
(620, 167, '2010/01/06', false),
(621, 248, '2012/04/03', true),
(622, 67, '2014/06/10', true),
(623, 573, '2017/08/14', true),
(624, 668, '2018/02/14', true),
(625, 87, '2010/04/15', false),
(626, 724, '2014/04/12', true),
(627, 504, '2013/01/01', true),
(628, 138, '2012/09/23', false),
(629, 400, '2014/02/05', true),
(630, 198, '2016/02/28', true),
(631, 299, '2013/01/29', false),
(632, 189, '2010/12/23', true),
(633, 333, '2015/08/03', false),
(634, 402, '2011/05/25', false),
(635, 178, '2015/09/02', false),
(636, 301, '2013/02/10', false),
(637, 709, '2014/05/09', false),
(638, 242, '2011/07/23', false),
(639, 185, '2010/07/27', true),
(640, 120, '2017/12/02', true),
(641, 455, '2013/07/26', true),
(642, 499, '2015/11/17', false),
(643, 566, '2012/02/14', true),
(644, 376, '2015/12/13', false),
(645, 419, '2012/09/21', false),
(646, 265, '2012/10/15', true),
(647, 439, '2016/08/24', false),
(648, 213, '2013/05/17', true),
(649, 451, '2019/01/01', false),
(650, 344, '2014/08/18', false),
(651, 646, '2015/11/23', false),
(652, 212, '2015/04/24', false),
(653, 588, '2019/11/01', true),
(654, 170, '2013/10/03', true),
(655, 744, '2011/06/11', true),
(656, 379, '2015/11/23', false),
(657, 277, '2014/10/07', false),
(658, 208, '2015/06/25', false),
(659, 715, '2011/08/03', true),
(660, 296, '2013/06/30', false),
(661, 145, '2011/07/17', true),
(662, 52, '2013/02/14', true),
(663, 613, '2010/06/27', true),
(664, 619, '2018/01/26', true),
(665, 534, '2019/08/31', true),
(666, 543, '2011/06/17', false),
(667, 261, '2011/02/23', true),
(668, 129, '2012/04/18', false),
(669, 50, '2011/08/07', false),
(670, 286, '2015/04/22', false),
(671, 167, '2017/10/13', true),
(672, 50, '2015/07/01', false),
(673, 74, '2011/05/10', true),
(674, 505, '2016/05/17', true),
(675, 421, '2015/02/14', false),
(676, 170, '2017/07/26', true),
(677, 494, '2010/09/17', true),
(678, 254, '2015/05/22', true),
(679, 436, '2013/12/20', false),
(680, 247, '2015/08/21', false),
(681, 569, '2019/09/06', false),
(682, 514, '2010/06/09', false),
(683, 9, '2019/07/20', true),
(684, 26, '2011/02/14', true),
(685, 720, '2012/01/14', true),
(686, 102, '2010/04/29', false),
(687, 582, '2018/06/19', false),
(688, 137, '2019/09/19', true),
(689, 22, '2014/05/31', false),
(690, 507, '2017/11/17', true),
(691, 289, '2010/03/11', true),
(692, 397, '2018/06/01', true),
(693, 176, '2016/10/31', true),
(694, 349, '2015/03/16', false),
(695, 183, '2012/02/26', true),
(696, 451, '2015/09/17', false),
(697, 558, '2011/05/15', true),
(698, 160, '2011/04/11', true),
(699, 91, '2017/08/11', true),
(700, 438, '2017/09/17', false),
(701, 364, '2016/09/06', true),
(702, 101, '2016/07/31', true),
(703, 627, '2014/12/06', true),
(704, 723, '2014/02/06', false),
(705, 381, '2010/06/11', false),
(706, 324, '2016/03/06', false),
(707, 117, '2013/02/08', false),
(708, 540, '2014/04/26', true),
(709, 527, '2015/06/16', true),
(710, 665, '2010/01/25', false),
(711, 430, '2014/05/23', true),
(712, 143, '2018/03/23', false),
(713, 672, '2014/11/11', false),
(714, 534, '2014/09/20', false),
(715, 685, '2015/01/13', true),
(716, 108, '2011/10/11', true),
(717, 113, '2017/01/28', true),
(718, 630, '2013/06/06', false),
(719, 120, '2018/05/24', false),
(720, 203, '2016/04/14', false),
(721, 639, '2013/07/30', false),
(722, 695, '2019/02/07', false),
(723, 176, '2010/10/10', false),
(724, 725, '2012/02/04', false),
(725, 551, '2010/11/28', true),
(726, 99, '2012/03/17', false),
(727, 733, '2014/05/14', false),
(728, 346, '2016/04/26', false),
(729, 663, '2018/10/08', false),
(730, 260, '2017/12/05', true),
(731, 547, '2018/07/29', false),
(732, 464, '2015/09/01', false),
(733, 221, '2017/03/17', false),
(734, 346, '2014/12/29', true),
(735, 341, '2015/11/15', false),
(736, 458, '2013/01/24', true),
(737, 243, '2016/08/02', false),
(738, 338, '2013/02/24', false),
(739, 463, '2012/12/09', false),
(740, 388, '2013/03/29', false),
(741, 726, '2019/01/09', false),
(742, 367, '2012/07/12', false),
(743, 585, '2013/08/07', true),
(744, 515, '2019/06/04', false),
(745, 409, '2011/11/13', false),
(746, 367, '2016/02/27', false),
(747, 423, '2013/02/09', false),
(748, 260, '2012/05/08', false),
(749, 427, '2017/03/25', true),
(750, 159, '2018/11/25', false),
(751, 587, '2017/04/19', false),
(752, 217, '2010/12/04', true),
(753, 160, '2019/06/02', false),
(754, 161, '2012/10/07', true),
(755, 70, '2019/03/01', true),
(756, 502, '2017/06/07', false),
(757, 200, '2012/05/08', false),
(758, 149, '2018/01/02', true),
(759, 125, '2019/03/02', true),
(760, 439, '2015/07/12', false),
(761, 1, '2015/04/02', true),
(762, 753, '2017/05/12', true),
(763, 277, '2016/11/11', false),
(764, 17, '2017/09/19', false),
(765, 328, '2018/11/11', false),
(766, 704, '2011/02/18', false),
(767, 77, '2013/03/26', true),
(768, 500, '2018/09/03', true),
(769, 321, '2015/05/30', true),
(770, 14, '2015/04/30', true),
(771, 30, '2013/02/23', true),
(772, 347, '2013/11/11', true),
(773, 125, '2012/08/20', false),
(774, 250, '2014/07/02', false),
(775, 526, '2013/04/29', false),
(776, 379, '2016/07/20', false),
(777, 174, '2012/03/05', false),
(778, 495, '2012/10/07', true),
(779, 102, '2018/03/25', true),
(780, 436, '2019/09/27', false),
(781, 399, '2013/10/14', false),
(782, 741, '2017/08/05', true),
(783, 43, '2010/11/25', true),
(784, 264, '2018/04/30', false),
(785, 392, '2010/09/26', true),
(786, 92, '2011/05/14', false),
(787, 696, '2013/12/03', true),
(788, 185, '2017/09/01', false),
(789, 246, '2011/06/15', true),
(790, 310, '2015/01/18', false),
(791, 330, '2017/01/07', false),
(792, 567, '2018/08/11', true),
(793, 335, '2017/03/29', false),
(794, 391, '2010/10/06', false),
(795, 147, '2011/12/23', false),
(796, 554, '2014/09/13', true),
(797, 731, '2011/05/08', false),
(798, 622, '2014/09/19', true),
(799, 681, '2012/04/23', true),
(800, 162, '2018/02/28', false),
(801, 31, '2012/11/03', true),
(802, 101, '2013/03/30', false),
(803, 270, '2014/06/12', true),
(804, 310, '2019/08/04', false),
(805, 73, '2010/03/11', true),
(806, 599, '2013/10/19', true),
(807, 646, '2014/07/04', false),
(808, 729, '2013/03/26', true),
(809, 79, '2017/03/15', false),
(810, 404, '2016/06/05', true),
(811, 293, '2018/11/17', true),
(812, 231, '2013/06/30', false),
(813, 268, '2010/05/20', true),
(814, 608, '2018/05/27', true),
(815, 601, '2010/10/21', false),
(816, 442, '2016/07/09', false),
(817, 285, '2016/02/24', false),
(818, 613, '2014/12/18', true),
(819, 458, '2019/01/02', false),
(820, 271, '2010/11/03', false),
(821, 460, '2014/02/19', true),
(822, 706, '2019/01/01', true),
(823, 556, '2018/09/05', false),
(824, 307, '2015/02/15', true),
(825, 693, '2017/06/10', false),
(826, 421, '2013/07/29', false),
(827, 480, '2010/04/29', true),
(828, 548, '2014/10/08', false),
(829, 577, '2015/02/20', true),
(830, 482, '2014/04/10', false),
(831, 99, '2015/11/08', false),
(832, 374, '2014/08/23', true),
(833, 24, '2018/02/18', false),
(834, 95, '2010/07/17', false),
(835, 707, '2010/01/15', false),
(836, 6, '2010/08/10', true),
(837, 602, '2019/10/10', false),
(838, 114, '2017/10/03', false),
(839, 274, '2016/08/06', true),
(840, 584, '2019/06/12', false),
(841, 577, '2018/09/24', true),
(842, 397, '2016/11/12', false),
(843, 124, '2012/07/10', true),
(844, 744, '2017/05/01', true),
(845, 575, '2016/10/28', true),
(846, 382, '2013/03/06', true),
(847, 439, '2014/06/18', true),
(848, 267, '2019/11/15', false),
(849, 725, '2012/11/14', false),
(850, 7, '2013/02/08', true),
(851, 585, '2015/08/25', false),
(852, 362, '2012/01/29', false),
(853, 423, '2019/07/28', true),
(854, 291, '2010/08/26', false),
(855, 569, '2011/05/10', true),
(856, 384, '2014/08/30', false),
(857, 24, '2018/04/21', false),
(858, 486, '2013/08/20', false),
(859, 679, '2019/03/05', false),
(860, 277, '2013/08/14', false),
(861, 694, '2015/02/26', false),
(862, 604, '2017/12/19', false),
(863, 634, '2015/04/23', true),
(864, 58, '2016/12/14', false),
(865, 28, '2017/09/10', true),
(866, 63, '2017/02/24', true),
(867, 366, '2017/12/15', false),
(868, 291, '2012/07/18', false),
(869, 9, '2016/10/30', false),
(870, 274, '2017/04/13', false),
(871, 95, '2013/07/15', false),
(872, 732, '2017/10/11', false),
(873, 569, '2010/10/22', true),
(874, 518, '2013/12/01', false),
(875, 511, '2014/11/15', true),
(876, 600, '2015/06/07', false),
(877, 230, '2011/11/26', false),
(878, 651, '2018/08/17', true),
(879, 425, '2015/01/12', true),
(880, 426, '2015/02/14', false),
(881, 157, '2013/03/05', false),
(882, 207, '2014/05/24', true),
(883, 74, '2019/01/31', false),
(884, 597, '2012/02/18', false),
(885, 9, '2010/12/16', false),
(886, 174, '2018/05/05', true),
(887, 247, '2019/03/09', true),
(888, 541, '2018/09/21', false),
(889, 175, '2011/03/27', true),
(890, 103, '2016/06/18', false),
(891, 329, '2017/08/17', true),
(892, 50, '2012/12/28', false),
(893, 727, '2018/08/28', true),
(894, 83, '2016/12/09', true),
(895, 443, '2016/09/05', false),
(896, 361, '2017/03/01', true),
(897, 217, '2010/07/11', true),
(898, 442, '2014/07/30', false),
(899, 266, '2018/09/25', true),
(900, 387, '2014/02/17', false),
(901, 563, '2013/03/05', true),
(902, 289, '2018/06/30', false),
(903, 208, '2012/11/16', false),
(904, 230, '2018/01/11', false),
(905, 368, '2017/06/04', true),
(906, 315, '2012/10/26', false),
(907, 591, '2011/10/08', false),
(908, 13, '2013/08/22', false),
(909, 478, '2013/02/16', true),
(910, 534, '2018/09/14', true),
(911, 357, '2015/03/26', true),
(912, 200, '2010/01/01', true),
(913, 212, '2011/07/05', false),
(914, 308, '2012/03/16', false),
(915, 335, '2017/01/11', true),
(916, 33, '2018/03/21', false),
(917, 312, '2011/09/06', false),
(918, 566, '2017/12/05', false),
(919, 43, '2011/08/23', false),
(920, 2, '2018/05/26', true),
(921, 122, '2017/04/26', false),
(922, 389, '2013/05/10', false),
(923, 657, '2017/05/06', false),
(924, 370, '2015/10/15', false),
(925, 111, '2014/07/27', false),
(926, 57, '2012/07/04', true),
(927, 512, '2019/11/25', false);

INSERT INTO plants (id, name, price, color, quantity) VALUES 
(1, 'Kokrines Locoweed', 137.79, 'Yellow', 8),
(2, 'Oregon Fontinalis Moss', 116.26, null, 3),
(3, 'Lindsaeosoria', 7.47, null, 25),
(4, 'Sierra Bladdernut', 28.21, 'Puce', 47),
(5, 'Box Bedstraw', 206.51, 'Red', 3),
(6, 'Pore Lichen', 68.83, 'Violet', 26),
(7, 'Cracked Lichen', 80.15, 'Blue', 0),
(8, 'Garden Tomato', 43.79, null, 34),
(9, 'Kahila Garland-lily', 198.01, null, 13),
(10, 'Field Pussytoes', 31.22, 'Aquamarine', 42),
(11, 'Longbeard Hawkweed', 124.29, 'Puce', 19),
(12, 'Biennial Beeblossom', 47.45, null, 41),
(13, 'Leafless Swallow-wort', 82.79, 'Fuscia', 7),
(14, 'Florida Cockspur Grass', 242.17, 'Violet', 15),
(15, 'Desert Baccharis', 119.99, 'Aquamarine', 19),
(16, 'Macrotyloma', 163.06, 'Yellow', 27),
(17, 'Smallleaf Shield Lichen', 74.69, 'Purple', 22),
(18, 'Sweet Mountain Grape', 122.29, 'Green', 35),
(19, 'Echinoplaca Lichen', 53.22, 'Khaki', 0),
(20, 'Milky Draba', 130.55, null, 17),
(21, 'Turkey Corn', 36.5, 'Maroon', 1),
(22, 'Candle Snuffer Moss', 101.91, 'Aquamarine', 31),
(23, 'Weak Spurge', 175.74, null, 5),
(24, 'Titi', 188.26, 'Indigo', 16),
(25, 'Ortiga', 210.97, 'Violet', 45),
(26, 'Mogollon Mountain Draba', 226.64, 'Fuscia', 12),
(27, 'Mt. Diablo Fairy-lantern', 83.28, 'Indigo', 17),
(28, 'Beetle Spurge', 117.39, 'Red', 42),
(29, 'Cap Lichen', 105.76, 'Purple', 31),
(30, 'Gray Oak', 56.25, 'Green', 18),
(31, 'James'' Galleta', 230.3, 'Aquamarine', 46),
(32, 'Sticky Sandspurry', 175.45, 'Green', 40),
(33, 'Neststraw', 120.8, 'Crimson', 30),
(34, 'Guiana-chestnut', 182.06, 'Maroon', 43),
(35, 'Inkwood', 109.98, 'Pink', 26),
(36, 'Juniper Leaf', 89.12, 'Fuscia', 14),
(37, 'Strigula Lichen', 145.5, 'Maroon', 38),
(38, 'Munroidendron', 146.66, 'Blue', 25),
(39, 'Sulphur Parmotrema Lichen', 67.58, 'Turquoise', 38),
(40, 'Wideleaf Bamboo', 132.1, null, 4),
(41, 'Campylopus Moss', 27.66, 'Teal', 2),
(42, 'Carrizo Sands Woollywhite', 204.55, 'Teal', 44),
(43, 'Lionsheart', 67.33, 'Fuscia', 22),
(44, 'Yellow Nutsedge', 40.17, 'Teal', 0),
(45, 'Horsetail', 121.48, 'Crimson', 8),
(46, 'Bog Blueberry', 69.08, 'Fuscia', 3),
(47, 'Stirtonia Lichen', 183.77, 'Blue', 5),
(48, 'Carnegie''s Cracked Lichen', 171.98, 'Fuscia', 6),
(49, 'Hill Buckwheat', 204.98, 'Yellow', 5),
(50, 'Water Soldiers', 72.2, 'Goldenrod', 20),
(51, 'Quick''s Phacelia', 85.25, null, 38),
(52, 'Pilger''s Sandalwood', 108.3, 'Orange', 25),
(53, 'Kaholuamanu Schiedea', 207.33, 'Maroon', 46),
(54, 'Creeping Bluestar', 242.61, 'Teal', 34),
(55, 'Llume', 77.17, 'Indigo', 9),
(56, 'Red Passion-flower', 83.23, 'Red', 27),
(57, 'Javanese Flatsedge', 120.09, null, 20),
(58, 'Harper''s Sedge', 23.71, 'Mauv', 35),
(59, 'Arizona Walnut', 14.73, 'Maroon', 6),
(60, 'Vasek''s Clarkia', 82.28, 'Turquoise', 27),
(61, 'Hispaniolan Tree Destroyer', 139.98, 'Indigo', 39),
(62, 'Grand Buckwheat', 140.54, 'Mauv', 47),
(63, 'Douglas-fir', 74.24, 'Orange', 8),
(64, 'Niihau Panicgrass', 181.21, 'Teal', 46),
(65, 'Eltrot', 66.24, 'Pink', 32),
(66, 'Milkvetch', 143.1, 'Purple', 30),
(67, 'Pineland Daisy', 57.19, 'Orange', 44),
(68, 'Pale Blue-eyed Grass', 27.42, null, 18),
(69, 'Falsegold Groundsel', 232.26, 'Violet', 10),
(70, 'Psorotichia Lichen', 230.97, 'Crimson', 28),
(71, 'Viper Beggarticks', 25.13, 'Indigo', 16),
(72, 'Valley Arrowhead', 239.97, 'Puce', 43),
(73, 'Sutherlandia', 157.4, 'Violet', 17),
(74, 'Menzies'' Spirea', 244.59, 'Red', 48),
(75, 'Eastern Cottonwood', 208.48, 'Goldenrod', 5),
(76, 'Goutystalk Nettlespurge', 98.99, 'Indigo', 50),
(77, 'Mexican Primrose-willow', 4.7, 'Crimson', 8),
(78, 'Blue Pussyleaf', 180.5, 'Blue', 23),
(79, 'Rosette Grass', 107.18, null, 39),
(80, 'Lemon Lichen', 106.62, 'Indigo', 16),
(81, 'Dicranella Moss', 65.95, 'Violet', 47),
(82, 'Dactylospora Lichen', 179.25, 'Purple', 33),
(83, 'Rare Clubmoss', 21.9, null, 9),
(84, 'Largeleaf Gypsoplaca Lichen', 173.68, 'Indigo', 15),
(85, 'Least Willow', 120.39, 'Green', 0),
(86, 'Lesser Snapdragon', 212.0, 'Khaki', 9),
(87, 'Torrey''s Blazingstar', 237.46, 'Puce', 38),
(88, 'Bamboo', 163.67, 'Fuscia', 39),
(89, 'Schreber''s Pondweed', 72.94, 'Pink', 39),
(90, 'Narrow-leaved Blazingstar', 243.9, null, 20),
(91, 'Ischaemum', 205.52, 'Pink', 40),
(92, 'Orange Fameflower', 155.19, 'Purple', 41),
(93, 'San Bernardino Milkvetch', 112.37, 'Maroon', 23),
(94, 'Dot Lichen', 240.45, 'Maroon', 36),
(95, 'Giant Sunflower', 237.38, 'Aquamarine', 5),
(96, 'Balsamroot', 117.64, 'Khaki', 33),
(97, 'Hybrid Oak', 94.07, 'Aquamarine', 19),
(98, 'Scandix', 185.03, 'Mauv', 5),
(99, 'Havard''s Threeawn', 95.87, 'Puce', 9),
(100, 'Entireleaved Thelypody', 124.88, null, 19),
(101, 'Sweetbush', 65.89, 'Mauv', 7),
(102, 'Engelmann''s Knotweed', 180.28, null, 22),
(103, 'Las Vegas Tumblemustard', 234.43, 'Goldenrod', 46),
(104, 'Ambay Pumpwood', 194.56, 'Khaki', 3),
(105, 'Cambustera De Costa', 129.11, 'Puce', 33),
(106, 'Brachythecium Moss', 83.85, 'Mauv', 45),
(107, 'Drushel''s Wild Petunia', 234.5, 'Yellow', 15),
(108, 'Blue Wildrye', 98.9, 'Mauv', 33),
(109, 'Jones'' Rainlily', 88.35, 'Crimson', 2),
(110, 'Climbing Aster', 105.76, 'Khaki', 41),
(111, 'Bruised Lichen', 33.76, 'Pink', 8),
(112, 'Edrudia Lichen', 63.47, null, 42),
(113, 'Loblolly Bay', 57.76, 'Teal', 47),
(114, 'Mountain Sharp Buttercup', 18.67, 'Crimson', 49),
(115, 'Gale Of The Wind', 210.89, 'Goldenrod', 29),
(116, 'Limestone Beardtongue', 157.74, 'Pink', 27),
(117, 'Tall Groundsel', 213.53, 'Turquoise', 38),
(118, 'Feathershank', 153.73, 'Teal', 2),
(119, 'Cliffside Cyrtandra', 50.25, 'Maroon', 17),
(120, 'Aframomum', 29.76, 'Indigo', 31),
(121, 'Darkthroat Shootingstar', 168.69, 'Pink', 30),
(122, 'Common Cudweed', 185.27, 'Crimson', 18),
(123, 'Intermediate Cartilage Lichen', 38.53, 'Orange', 0),
(124, 'Sharpnut Cryptantha', 82.99, 'Orange', 30),
(125, 'Petunia', 161.76, null, 6),
(126, 'Ricegrass', 195.79, 'Purple', 14),
(127, 'Swartz''s Jamaican Broom', 117.82, 'Aquamarine', 25),
(128, 'Rocky Mountain Nailwort', 58.58, 'Goldenrod', 26),
(129, 'Chervil', 203.89, 'Crimson', 12),
(130, 'Pasture Heliotrope', 31.4, 'Crimson', 50),
(131, 'Traveler''s Tree', 112.91, 'Teal', 33),
(132, 'California Goldenbanner', 150.3, 'Khaki', 43),
(133, 'Barrens Silky Aster', 84.3, 'Yellow', 16),
(134, 'Viscid Candyleaf', 168.13, 'Goldenrod', 46),
(135, 'Idesia', 88.03, 'Mauv', 50),
(136, 'Narrowleaf Stenogyne', 52.78, 'Indigo', 28),
(137, 'Greentinge Indian Paintbrush', 96.49, 'Yellow', 41),
(138, 'Frosted Lichen', 9.39, 'Blue', 1),
(139, 'Yunnan Bauhinia', 35.17, 'Purple', 26),
(140, 'Shield Lichen', 236.56, 'Teal', 40),
(141, 'Three Toothed Saxifrage', 46.58, 'Crimson', 27),
(142, 'Amblyopappus', 201.75, 'Violet', 25),
(143, 'Bulrush', 239.73, 'Green', 11),
(144, 'Greenheart Ebony', 33.01, 'Pink', 48),
(145, 'Raup''s Fringedgentian', 215.93, 'Crimson', 5),
(146, 'Dwarf Birch', 143.37, 'Pink', 46),
(147, 'Spiny Milkwort', 84.25, 'Teal', 21),
(148, 'Moldy Bread And Cheese', 112.83, 'Orange', 21),
(149, 'Threepetal Bedstraw', 184.92, 'Yellow', 25),
(150, 'Dropseed', 119.79, 'Puce', 3),
(151, 'Sacramento Cryptantha', 25.68, 'Khaki', 4),
(152, 'Eucalyptus', 144.03, 'Fuscia', 13),
(153, 'Abrams'' Liveforever', 199.36, 'Yellow', 43),
(154, 'Huachuca Mountain Milkwort', 65.9, 'Green', 30),
(155, 'Blumer Buckthorn', 224.46, 'Mauv', 28),
(156, 'Hoary Blackfoot', 68.74, 'Crimson', 15),
(157, 'Norwegian Angelica', 152.66, null, 37),
(158, 'Caribbean Burn Nose', 174.83, 'Orange', 10),
(159, 'Man Of The Earth', 233.28, 'Crimson', 32),
(160, 'Plains Eryngo', 81.99, 'Pink', 35),
(161, 'Perennial Ryegrass', 141.98, 'Mauv', 24),
(162, 'Campylopus Moss', 2.37, 'Red', 50),
(163, 'Littleleaf Milkwort', 75.35, 'Orange', 0),
(164, 'Curved Woodrush', 144.27, 'Puce', 38),
(165, 'Hirschfeldia', 43.15, 'Mauv', 27),
(166, 'Rapp''s Shell Lichen', 60.18, null, 2),
(167, 'Rough Stoneseed', 44.14, 'Maroon', 38),
(168, 'Bahia Piassaba Palm', 239.46, 'Blue', 36),
(169, 'False Pak Choi', 191.85, 'Khaki', 34),
(170, 'Rusty Indigo', 95.19, 'Purple', 25),
(171, 'Piper''s Fleabane', 170.3, 'Blue', 19),
(172, 'Bruised Lichen', 169.41, 'Blue', 28),
(173, 'Sickle Pigeonwings', 52.72, null, 33),
(174, 'Cliff Schiedea', 56.34, 'Green', 44),
(175, 'Longleaf Buchu', 89.04, 'Violet', 25),
(176, 'Cusick''s Rockcress', 118.23, null, 40),
(177, 'Spotted Wakerobin', 70.27, 'Puce', 33),
(178, 'Thread Lichen', 32.59, 'Teal', 8),
(179, 'Whitish Gentian', 60.61, 'Purple', 45),
(180, 'Southwestern Brickellbush', 248.25, 'Violet', 21),
(181, 'Broadpod Jewelflower', 23.89, null, 37),
(182, 'Greene''s Catchfly', 147.64, 'Turquoise', 33),
(183, 'Waxfruit Mustard', 230.66, 'Fuscia', 47),
(184, 'White Mustard', 36.97, 'Violet', 19),
(185, 'Old World Forkedfern', 151.12, 'Khaki', 12),
(186, 'Wrinkleleaf Goldenrod', 150.97, 'Mauv', 16),
(187, 'Leavenworth''s Tickseed', 33.87, 'Purple', 27),
(188, 'Borrego Milkvetch', 8.66, 'Aquamarine', 1),
(189, 'Hairy Sensitive Pea', 212.67, 'Goldenrod', 4),
(190, 'Island Gooseberry', 79.3, 'Turquoise', 32),
(191, 'Emory''s Milkvetch', 81.77, 'Red', 47),
(192, 'Pyrenopsis Lichen', 60.65, 'Aquamarine', 24),
(193, 'Winged Sandpuffs', 65.97, 'Orange', 39),
(194, 'Royal Penstemon', 246.99, 'Yellow', 35),
(195, 'Elegant Groundsel', 33.34, 'Red', 9),
(196, 'Tangled Dewberry', 152.86, 'Turquoise', 11),
(197, 'Nuttall''s Reedgrass', 124.31, 'Turquoise', 21),
(198, 'Snow Lichen', 206.89, 'Yellow', 7),
(199, 'Soldier''s Orchid', 75.36, 'Puce', 49),
(200, 'Ivyleaf Thoroughwort', 12.67, 'Orange', 30),
(201, 'Angularfruit Ma''oloa', 106.28, 'Crimson', 16),
(202, 'Erizo', 86.06, 'Puce', 48),
(203, 'Poorjoe', 56.53, 'Crimson', 26),
(204, 'Lyreleaf Bladderpod', 141.44, 'Green', 14),
(205, 'San Benito Monardella', 190.9, 'Yellow', 18),
(206, 'Bush Penstemon', 137.53, 'Indigo', 33),
(207, 'Arctic Heim''s Desmatodon Moss', 149.76, 'Aquamarine', 3),
(208, 'Largeflower Jointweed', 183.61, 'Teal', 12),
(209, 'Sugar Apple', 99.07, 'Maroon', 34),
(210, 'Largeflower Hawksbeard', 227.15, 'Khaki', 45),
(211, 'Damasonium', 111.64, null, 20),
(212, 'Hawai''i Treecotton', 122.71, 'Orange', 11),
(213, 'Island Spleenwort', 150.47, 'Teal', 40),
(214, 'Oldpasture Bluegrass', 63.6, 'Puce', 35),
(215, 'Maui Remya', 156.18, 'Red', 1),
(216, 'Longrunner', 93.63, 'Crimson', 3),
(217, 'Oregon False Goldenaster', 83.84, 'Teal', 4),
(218, 'Beardless Wildrye', 67.75, 'Puce', 43),
(219, 'Spring Pheasant''s Eye', 91.83, 'Orange', 20),
(220, 'American Beakgrain', 87.55, 'Indigo', 35),
(221, 'Texas Plains Indian Breadroot', 45.65, 'Purple', 14),
(222, 'Woolly Blackberry', 225.39, 'Aquamarine', 5),
(223, 'Pignut', 27.35, 'Blue', 10),
(224, 'Forkvein Polypody', 207.33, 'Red', 8),
(225, 'Porpidia Lichen', 49.62, null, 42),
(226, 'High-plains Beeblossom', 105.44, 'Green', 38),
(227, 'Anoectangium Moss', 110.93, 'Orange', 35),
(228, 'Albertville Hawthorn', 17.68, 'Puce', 40),
(229, 'Greenland Orange Lichen', 85.59, 'Orange', 45),
(230, 'Heather Leaf-flower', 224.03, 'Pink', 14),
(231, 'Bigleaf Periwinkle', 158.61, 'Teal', 40),
(232, 'Redsepal Evening Primrose', 178.36, null, 50),
(233, 'Glyphis Lichen', 154.43, 'Turquoise', 42),
(234, 'Christmas Cherry', 137.74, 'Turquoise', 5),
(235, 'Bebb Willow', 139.32, 'Green', 43),
(236, 'Thismia', 63.84, 'Indigo', 47),
(237, 'Brigalow Grass', 100.21, 'Blue', 49),
(238, 'Arctoa Moss', 34.98, 'Goldenrod', 23),
(239, 'Baker''s Wild Hollyhock', 146.8, 'Crimson', 45),
(240, 'Lecania Lichen', 212.23, null, 18),
(241, 'Plantain Goldenweed', 241.81, null, 17),
(242, 'Viscid Acacia', 31.62, 'Green', 44),
(243, 'Rock Phacelia', 145.48, 'Mauv', 38),
(244, 'Box Honeysuckle', 203.06, 'Purple', 14),
(245, 'Oakwoods Ponysfoot', 135.01, null, 34),
(246, 'Buelliella Lichen', 83.61, 'Indigo', 26),
(247, 'Western Clubmoss', 162.62, 'Khaki', 8),
(248, 'King Bladderpod', 126.58, 'Purple', 36),
(249, 'Cedar Breaks Milkvetch', 181.54, 'Puce', 21),
(250, 'Common Woodrush', 15.95, 'Indigo', 0),
(251, 'Jepson Ceanothus', 132.35, 'Orange', 8),
(252, 'Crater Lichen', 194.91, null, 44),
(253, 'Puerto Rico Ceboruquillo', 162.53, null, 10),
(254, 'Bayamon Stopper', 103.03, 'Turquoise', 43),
(255, 'Purple Amole', 98.3, 'Mauv', 15),
(256, 'Winterfat', 90.52, 'Pink', 34),
(257, 'Seashore Cactus', 78.02, 'Red', 17),
(258, 'Tubercle Twistedstalk', 129.33, 'Yellow', 33),
(259, 'White Prairie Clover', 40.18, 'Turquoise', 7),
(260, 'Small Waterwort', 143.8, 'Violet', 10),
(261, 'Awned Mountainmint', 211.32, 'Turquoise', 10),
(262, 'Xanthoparmelia Lichen', 215.43, 'Khaki', 17),
(263, 'Hawk''s Eye', 209.53, 'Turquoise', 14),
(264, 'Straw Foxglove', 42.64, 'Purple', 22),
(265, 'Springville Clarkia', 64.2, 'Turquoise', 2),
(266, 'Wort Lichen', 16.86, 'Teal', 9),
(267, 'Puerto Rico Peperomia', 99.11, 'Blue', 20),
(268, 'Rockland Morning-glory', 32.67, 'Crimson', 9),
(269, 'Blue Wild Indigo', 172.79, 'Violet', 11),
(270, 'Constance''s Springparsley', 170.33, 'Crimson', 38),
(271, 'Climbing Tribisee', 94.72, 'Khaki', 4),
(272, 'Napali Kona Peperomia', 32.04, 'Mauv', 19),
(273, 'Longan', 111.42, 'Crimson', 16),
(274, 'California Rayless Fleabane', 213.51, 'Pink', 21),
(275, 'Mariposa Erigeron', 134.2, null, 15),
(276, 'Chavar', 43.11, 'Khaki', 19),
(277, 'Graceful Hawthorn', 249.48, 'Mauv', 0),
(278, 'Buckbrush', 80.09, 'Purple', 0),
(279, 'Elaeocarpus', 108.57, 'Crimson', 8),
(280, 'Pondweed', 173.09, 'Orange', 21),
(281, 'Colville''s Passionflower', 91.27, 'Maroon', 8),
(282, 'Cycnium', 125.26, 'Pink', 16),
(283, 'Yellow Creeping Zinnia', 110.88, 'Aquamarine', 10),
(284, 'Western Silver Aster', 125.77, 'Orange', 11),
(285, 'Rockyscree False Goldenaster', 119.78, 'Indigo', 11),
(286, 'Bolander''s Rinodina Lichen', 173.65, 'Maroon', 25),
(287, 'Graceful Wattle', 115.53, 'Violet', 32),
(288, 'Iberian Spirea', 54.57, 'Puce', 49),
(289, 'Broadleaf Lupine', 73.28, null, 45),
(290, 'Assai Palm', 61.51, 'Mauv', 40),
(291, 'Tansymustard', 1.62, 'Violet', 13),
(292, 'Reverchon''s False Pennyroyal', 203.57, 'Goldenrod', 16),
(293, 'Summer Coralroot', 162.66, 'Crimson', 14),
(294, 'Valley Sedge', 125.86, 'Aquamarine', 25),
(295, 'Cascara Annona-leaved Buckthorn', 209.39, 'Crimson', 45),
(296, 'Epipterygium Moss', 90.98, 'Violet', 35),
(297, 'Potato Dwarfdandelion', 185.25, 'Violet', 50),
(298, 'Stream Orchid', 94.33, null, 19),
(299, 'Catalina Ironwood', 46.92, 'Indigo', 11),
(300, 'Twistedstalk', 234.0, null, 14),
(301, 'Disjuct Melanelia Lichen', 214.31, 'Khaki', 5),
(302, 'Hunnemannia', 170.91, null, 43),
(303, 'Lilac Chastetree', 140.52, 'Maroon', 44),
(304, 'Tropical Threefold', 195.71, 'Purple', 25),
(305, 'Riverside Spineflower', 223.71, 'Puce', 37),
(306, 'Lanceleaf Thorow Wax', 228.03, 'Red', 11),
(307, 'Siskiyou Mountain Ragwort', 103.0, 'Khaki', 44),
(308, 'Nevada Broomsage', 201.33, 'Goldenrod', 27),
(309, 'Scentbottle', 123.78, null, 40),
(310, 'Cuban Swallow-wort', 213.44, 'Turquoise', 10),
(311, 'Gorman''s Saxifrage', 72.79, 'Violet', 24),
(312, 'Prairie Junegrass', 185.28, 'Purple', 34),
(313, 'Klamath Mountain Mahogany', 97.17, null, 24),
(314, 'Dwarf Brodiaea', 40.28, 'Red', 42),
(315, 'Intermountain Bog Orchid', 34.66, 'Aquamarine', 38),
(316, 'Asian Spikemoss', 164.55, 'Fuscia', 3),
(317, 'Splithair Indian Paintbrush', 202.68, 'Turquoise', 21),
(318, 'Fuzzytongue Penstemon', 176.08, 'Orange', 0),
(319, 'Pink Honeysuckle', 141.19, 'Puce', 46),
(320, 'Fineleaf Waterdropwort', 79.74, null, 41),
(321, 'Spring-vetch', 206.96, 'Fuscia', 22),
(322, 'Coastal Plain Angelica', 99.0, 'Khaki', 37),
(323, 'Pygmy Cyrto-hypnum Moss', 4.75, null, 26),
(324, 'Damiana', 80.88, null, 47),
(325, 'Purdy''s Stonecrop', 107.55, null, 1),
(326, 'Rush Milkweed', 73.48, 'Crimson', 8),
(327, 'Bellflower Smartweed', 167.64, 'Teal', 11),
(328, 'Shasta Tarweed', 56.29, 'Turquoise', 27),
(329, 'South American Saltbush', 2.44, 'Crimson', 46),
(330, 'Saddle Mountain Saxifrage', 46.91, 'Goldenrod', 19),
(331, 'Snow Grass', 143.03, 'Mauv', 33),
(332, 'Western Mountain Kittentails', 77.27, 'Pink', 46),
(333, 'Spring Forget-me-not', 56.23, 'Puce', 17),
(334, 'Hinchahuevos', 216.53, 'Crimson', 30),
(335, 'Seaside Barley', 189.53, 'Maroon', 24),
(336, 'Sierra Monardella', 155.59, 'Mauv', 26),
(337, 'Bodie Hills Rockcress', 94.66, 'Purple', 0),
(338, 'Wreath Lichen', 152.32, 'Green', 29),
(339, 'Riverbank Sedge', 77.69, 'Puce', 33),
(340, 'Larkspur', 174.08, 'Orange', 12),
(341, 'Donrichard Moss', 13.22, 'Pink', 38),
(342, 'Leskeella', 227.39, 'Aquamarine', 12),
(343, 'Parry''s Rabbitbrush', 168.57, 'Indigo', 38),
(344, 'Dwarf She-oak', 97.9, 'Teal', 12),
(345, 'Toothed Flatsedge', 216.12, 'Pink', 47),
(346, 'Convolute Desmatodon Moss', 218.45, 'Maroon', 12),
(347, 'Woodland Wild Coffee', 61.56, 'Orange', 49),
(348, 'Wand Airplant', 211.61, 'Violet', 12),
(349, 'Schweinitz''s Flatsedge', 155.89, 'Green', 27),
(350, 'Tolmie''s Goldenrod', 180.45, 'Yellow', 3),
(351, 'Spreading Hedgeparsley', 40.27, 'Aquamarine', 14),
(352, 'Blackeyed Susan', 240.91, 'Aquamarine', 49),
(353, 'Snow Arnica', 225.34, 'Purple', 48),
(354, 'Purple Sage', 239.37, 'Violet', 38),
(355, 'Haplohymenium Moss', 207.12, 'Pink', 33),
(356, 'Compact Dodder', 67.47, 'Fuscia', 42),
(357, 'San Clemente Island Bushmallow', 231.53, 'Purple', 10),
(358, 'Compact Onion', 13.9, 'Indigo', 7),
(359, 'Manyray Gumweed', 205.52, 'Fuscia', 11),
(360, 'Amianthium', 95.57, 'Maroon', 42),
(361, 'Thunberg''s Meadowsweet', 104.57, 'Blue', 21),
(362, 'Jack In The Pulpit', 63.62, 'Indigo', 41),
(363, 'Melanomma Lichen', 115.7, 'Yellow', 28),
(364, 'Harrington''s Beardtongue', 18.48, 'Yellow', 6),
(365, 'Smallflower Phyllostegia', 21.41, 'Pink', 48),
(366, 'Cape Sable Orchid', 158.49, 'Turquoise', 45),
(367, 'Scalystem', 112.78, 'Violet', 6),
(368, 'Valley Lupine', 38.63, 'Crimson', 19),
(369, 'San Bruno Mountain Manzanita', 134.6, null, 2),
(370, 'Common Boneset', 192.9, 'Maroon', 31),
(371, 'Globe Beaksedge', 66.58, 'Mauv', 11),
(372, 'California Compassplant', 60.23, 'Goldenrod', 20),
(373, 'Modest Prickle Grass', 16.23, 'Maroon', 25),
(374, 'Common St. Paul''s Wort', 162.26, null, 38),
(375, 'Browntop', 16.16, 'Aquamarine', 50),
(376, 'Zion Indian Paintbrush', 18.01, 'Green', 46),
(377, 'Wondering Cowpea', 219.4, 'Indigo', 46),
(378, 'Serpent Fern', 195.96, 'Mauv', 6),
(379, 'California Fawnlily', 197.02, null, 6),
(380, 'Mudflat Quillplant', 135.31, 'Khaki', 43),
(381, 'Dwarf Pawpaw', 193.81, 'Aquamarine', 35),
(382, 'Boxelder', 2.91, 'Green', 35),
(383, 'Mountain Bush Lupine', 185.38, 'Maroon', 30),
(384, 'Reindeer Lichen', 233.22, 'Pink', 20),
(385, 'Small Prescott Orchid', 190.21, null, 27),
(386, 'Fringed Yelloweyed Grass', 175.89, 'Khaki', 47),
(387, 'Tomentypnum Moss', 120.79, null, 11),
(388, 'Ditrichum Moss', 137.0, 'Khaki', 45),
(389, 'Claybank Beaksedge', 244.36, 'Indigo', 8),
(390, 'Narrow-leaved Blazingstar', 61.65, 'Mauv', 5),
(391, 'Brachelyma Moss', 16.24, 'Pink', 4),
(392, 'Threadstem Pincushionplant', 73.82, 'Red', 9),
(393, 'Scaly Blazing Star', 21.57, 'Turquoise', 26),
(394, 'Daisy', 20.16, null, 32),
(395, 'New Mexico Beardtongue', 218.4, null, 31),
(396, 'Suksdorf''s Hawthorn', 166.43, 'Puce', 40),
(397, 'Dotted Lancepod', 102.22, 'Crimson', 5),
(398, 'Syrian Acanthus', 104.64, 'Green', 10),
(399, 'Cafeillo', 70.74, null, 9),
(400, 'Common Bamboo', 2.22, 'Fuscia', 12),
(401, 'Disc Lichen', 39.92, 'Orange', 23),
(402, 'Spreading Fleabane', 30.63, 'Goldenrod', 43),
(403, 'Dusty Miller', 212.67, null, 32),
(404, 'Mountain Ball Cactus', 114.83, null, 36),
(405, 'Western Hemlock', 186.41, 'Aquamarine', 9),
(406, 'Parry''s Rush', 208.66, 'Teal', 15),
(407, 'Donnell''s Archidium Moss', 146.55, null, 40),
(408, 'Neglected Sunflower', 212.89, 'Fuscia', 19),
(409, 'Luna County Globemallow', 155.98, 'Maroon', 43),
(410, 'Goldeneye Phlox', 148.5, 'Goldenrod', 41),
(411, 'Greenland Blueeyed Grass', 62.88, null, 39),
(412, 'Thicket Bean', 113.09, 'Purple', 35),
(413, 'Eastern Turkeybeard', 162.3, 'Goldenrod', 35),
(414, 'Dill', 216.11, 'Blue', 18),
(415, 'Pterygiopsis Lichen', 71.96, 'Violet', 11),
(416, 'Texas Nipple Cactus', 234.3, 'Aquamarine', 26),
(417, 'Redleaf Rose', 162.81, 'Purple', 44),
(418, 'Idaho Bladderpod', 210.23, 'Blue', 26),
(419, 'Mock Stonecrop', 138.94, 'Green', 5),
(420, 'Granite Stonecrop', 3.32, 'Violet', 37),
(421, 'Fremont County Rockcress', 108.33, 'Violet', 32),
(422, 'Bearded Wheatgrass', 125.47, 'Mauv', 3),
(423, 'Panguitch Buckwheat', 110.37, 'Blue', 26),
(424, 'Smooth-seed Pygmyweed', 38.01, 'Purple', 36),
(425, 'Variegated Orchid', 243.82, 'Teal', 21),
(426, 'Calycose Mille Graines', 81.84, 'Teal', 32),
(427, 'Chamissoa', 39.43, 'Khaki', 13),
(428, 'Puu Kuhui', 84.46, 'Pink', 0),
(429, 'Coastal Flatsedge', 202.76, 'Green', 6),
(430, 'Wright''s Bird''s Beak', 164.74, 'Goldenrod', 6),
(431, 'Leafy Broom', 208.93, 'Blue', 37),
(432, 'Platygyrium Moss', 197.39, 'Violet', 12),
(433, 'Whitemargin Phlox', 22.96, 'Orange', 11),
(434, 'Curvedleaf Ulota Moss', 124.88, 'Orange', 34),
(435, 'White Ironbark', 24.99, 'Fuscia', 44),
(436, 'Indianhemp', 147.0, 'Teal', 21),
(437, 'Pond Cypress', 201.22, 'Blue', 10),
(438, 'Bog Willowherb', 170.35, 'Mauv', 8),
(439, 'Spotted Water Hemlock', 217.88, 'Mauv', 18),
(440, 'Fineleaf Pondweed', 209.76, 'Purple', 44),
(441, 'Purple Amaranth', 30.69, 'Green', 6),
(442, 'Rock Gooseberry', 170.41, 'Violet', 48),
(443, 'Manyleg Knotweed', 51.01, 'Green', 49),
(444, 'Hawkweed', 5.4, 'Purple', 13),
(445, 'Brome-like Sedge', 67.97, 'Pink', 18),
(446, 'Scentless Mock Orange', 245.9, 'Aquamarine', 48),
(447, 'Wilson''s Bartramidula Moss', 106.85, 'Khaki', 42),
(448, 'Kathul Mountain Draba', 55.84, 'Red', 33),
(449, 'Blue Ridge Bittercress', 194.6, 'Goldenrod', 22),
(450, 'Chapman''s Quillwort', 74.7, null, 32),
(451, 'Hermit Milkvetch', 220.64, 'Indigo', 23),
(452, 'Leichhardt''s Datura', 249.09, 'Turquoise', 43),
(453, 'Albizia', 164.07, 'Mauv', 41),
(454, 'Withered Bluegrass', 64.57, 'Yellow', 31),
(455, 'Small Floating Mannagrass', 104.49, 'Turquoise', 4),
(456, 'Gymnostomiella Moss', 192.25, 'Indigo', 14),
(457, 'Dwarf Red Blackberry', 232.03, 'Crimson', 39),
(458, 'Wright''s Spurge', 61.53, 'Purple', 25),
(459, 'Hairawn Muhly', 94.58, 'Blue', 25),
(460, 'Neogaerrhinum', 1.63, 'Khaki', 38),
(461, 'Pine Nut Mountain Mousetail', 90.97, 'Mauv', 29),
(462, 'Lecidea Lichen', 208.56, 'Pink', 29),
(463, 'Cockspur', 209.49, 'Blue', 25),
(464, 'Giant Bristlegrass', 86.82, 'Green', 26),
(465, 'Siskiyou Buckwheat', 120.74, 'Aquamarine', 28),
(466, 'Blackeyed Susan', 187.11, null, 16),
(467, 'Melanelia Lichen', 2.31, 'Puce', 33),
(468, 'Chambers'' Twinpod', 177.81, 'Violet', 26),
(469, 'Ciliate Reindeer Lichen', 164.41, null, 8),
(470, 'Huger''s Carrionflower', 199.18, 'Teal', 49),
(471, 'Mertens'' Sedge', 63.88, 'Yellow', 12),
(472, 'Mohr''s Barbara''s Buttons', 92.92, 'Crimson', 7),
(473, 'October Lady''s Tresses', 91.3, 'Green', 12),
(474, 'Sierra Tidytips', 217.16, 'Crimson', 18),
(475, 'Coastal Buckwheat', 123.59, 'Green', 5),
(476, 'Shortray Zinnia', 108.58, 'Indigo', 32),
(477, 'Sevennerve Roughleaf', 163.04, 'Purple', 30),
(478, 'Anthurium', 87.15, 'Goldenrod', 26),
(479, 'Fragile Pygmydaisy', 29.73, 'Goldenrod', 19),
(480, 'Coastal Monkeyflower', 120.75, 'Khaki', 13),
(481, 'Running Clubmoss', 239.65, 'Violet', 21),
(482, 'Smoothfruit Chewstick', 66.76, 'Blue', 12),
(483, 'Fringed Spineflower', 199.66, 'Orange', 21),
(484, 'Gander''s Ragwort', 71.69, 'Orange', 27),
(485, 'Kidneyleaf Buckwheat', 232.85, 'Goldenrod', 16),
(486, 'Rough Eyelashweed', 200.51, 'Goldenrod', 24),
(487, 'Dotted Polypody', 206.54, 'Mauv', 25),
(488, 'Kentucky Bluegrass', 195.51, 'Pink', 33),
(489, 'Pineland Buckwheat', 186.39, 'Orange', 15),
(490, 'Stalked Popcornflower', 58.84, null, 33),
(491, 'Whorled Lousewort', 173.62, 'Indigo', 3),
(492, 'Longstyle Rush', 207.44, 'Red', 2),
(493, 'Scribble Lichen', 143.22, 'Yellow', 49),
(494, 'Island Sand Verbena', 140.69, 'Violet', 3),
(495, 'Stickystem Penstemon', 65.11, 'Maroon', 49),
(496, 'American Century Plant', 93.69, 'Puce', 45),
(497, 'Heller''s Bird''s-foot Trefoil', 50.15, 'Goldenrod', 47),
(498, 'European Bird Cherry', 194.33, 'Puce', 29),
(499, 'Pacific Rush', 164.65, 'Pink', 33),
(500, 'Woollyleaf Manzanita', 225.27, 'Turquoise', 46),
(501, 'Swamp Stonecrop', 80.16, 'Turquoise', 38),
(502, 'Gum Arabic Tree', 156.93, 'Purple', 27),
(503, 'Spiny Spikemoss', 159.14, 'Puce', 21),
(504, 'Lecidea Lichen', 50.13, 'Turquoise', 8),
(505, 'Nova Scotia Dewberry', 11.64, 'Mauv', 14),
(506, 'Mountain Spleenwort', 103.73, 'Mauv', 25),
(507, 'Bear Tupelo', 86.31, 'Fuscia', 35),
(508, 'Drummond''s Cinquefoil', 117.78, 'Mauv', 45),
(509, 'Minute Hawthorn', 60.12, 'Indigo', 10),
(510, 'Birdeye Speedwell', 239.95, 'Goldenrod', 36),
(511, 'Lavaslope False Lobelia', 187.09, 'Yellow', 2),
(512, 'Palailaulii', 35.15, null, 1),
(513, 'Tufted Yellow Woodsorrel', 48.71, 'Mauv', 35),
(514, 'Inyo Meadow Lupine', 180.3, null, 45),
(515, 'Small Floating Mannagrass', 81.87, 'Aquamarine', 18),
(516, 'Roundfruit Hedgehyssop', 233.19, 'Pink', 29),
(517, 'Silky Morning-glory', 59.77, 'Blue', 31),
(518, 'Caterpillars', 13.57, 'Maroon', 15),
(519, 'Pseudolmedia', 204.54, 'Blue', 13),
(520, 'Seaside Threeawn', 99.56, 'Yellow', 49),
(521, 'California Greenbrier', 83.27, 'Orange', 50),
(522, 'Grimes'' Dewberry', 90.11, null, 34),
(523, 'Tibey Tupa', 239.02, 'Fuscia', 49),
(524, 'Giant-trumpets', 99.77, 'Yellow', 8),
(525, 'Flameflower', 112.69, 'Puce', 34),
(526, 'Foxtail Pine', 93.28, 'Purple', 7),
(527, 'Islandfern', 205.58, 'Goldenrod', 4),
(528, 'Haresfoot Locoweed', 7.9, 'Yellow', 42),
(529, 'Maroon Carolina Milkvine', 178.72, 'Fuscia', 45),
(530, 'Hybrid Oak', 19.64, null, 21),
(531, 'Alabama Skullcap', 112.35, 'Green', 15),
(532, 'Rauiella Moss', 131.25, 'Blue', 31),
(533, 'Dwarf Four O''clock', 178.61, 'Green', 11),
(534, 'Shortflower Rattlebox', 6.12, null, 16),
(535, 'Drymary Dwarf-flax', 37.76, 'Khaki', 33),
(536, 'Allegheny Blackberry', 133.64, 'Violet', 41),
(537, 'Rough Potato', 6.58, 'Green', 39),
(538, 'Frankincense', 118.56, 'Blue', 28),
(539, 'Least Duckweed', 82.16, 'Yellow', 13),
(540, 'False Philippine Violet', 135.13, 'Crimson', 20),
(541, 'Navajo Thistle', 100.52, 'Violet', 43),
(542, 'Arizona Ipomopsis', 140.37, 'Puce', 40),
(543, 'Buckhorn Cholla', 73.6, 'Crimson', 29),
(544, 'Seeman''s Sunbonnets', 228.32, 'Violet', 28),
(545, 'Fringed Bluestar', 193.21, 'Fuscia', 19),
(546, 'Lookout Mountain Blackberry', 201.85, 'Maroon', 40),
(547, 'Branched Pencil Cholla', 219.86, 'Pink', 19),
(548, 'Giant Antitrichia Moss', 121.92, null, 36),
(549, 'Kauai Clermontia', 175.49, 'Maroon', 20),
(550, 'Protoblastenia Lichen', 220.75, 'Pink', 43),
(551, 'Purple-petal Bog Orchid', 101.57, 'Purple', 34),
(552, 'Sharp-tooth Buckthorn', 20.52, 'Violet', 8),
(553, 'Rimmed Navel Lichen', 36.86, null, 46),
(554, 'Hemp', 247.47, 'Mauv', 32),
(555, 'Pennsylvania Cinquefoil', 7.05, 'Red', 1),
(556, 'Arizona Pussypaws', 234.22, 'Goldenrod', 18),
(557, 'Red Beaksedge', 226.93, 'Goldenrod', 36),
(558, 'Long-tubercle Beehive Cactus', 156.92, 'Puce', 35),
(559, 'Stinking Camphorweed', 132.53, 'Indigo', 44),
(560, 'Coast Range Linanthus', 91.79, 'Orange', 3),
(561, 'Welch''s Fontinalis Moss', 96.26, null, 38),
(562, 'Eureka Springs Hawthorn', 233.96, 'Aquamarine', 27),
(563, 'Longsepal False Dragonhead', 109.47, 'Yellow', 18),
(564, 'Western Silver Aster', 104.22, 'Indigo', 37),
(565, 'Scrub Plum', 24.84, 'Red', 31),
(566, 'Machaerium', 246.41, 'Goldenrod', 3),
(567, 'Rosette Lichen', 112.56, 'Turquoise', 29),
(568, 'Meiwa Kumquat', 182.3, 'Blue', 14),
(569, 'Palouse Goldenweed', 189.69, 'Green', 50),
(570, 'Eastern Bottlebrush Grass', 180.41, null, 24),
(571, 'Baffin Fescue', 36.96, null, 4),
(572, 'Green Milkweed', 7.64, 'Crimson', 3),
(573, 'Peach', 138.04, 'Blue', 31),
(574, 'Small Limestone Moss', 155.37, 'Mauv', 36),
(575, 'Chokecherry', 205.85, null, 37),
(576, 'Island Barberry', 37.1, 'Orange', 5),
(577, 'Black Sage', 226.82, null, 20),
(578, 'Alabama Larkspur', 5.8, 'Blue', 17),
(579, 'Hairy Gumweed', 156.63, 'Turquoise', 12),
(580, 'Screwtree', 177.38, 'Teal', 20),
(581, 'Valley Lupine', 33.93, 'Red', 44),
(582, 'Skin Lichen', 34.62, 'Purple', 44),
(583, 'Shortbeak Sedge', 219.33, 'Mauv', 12),
(584, 'Tortella Moss', 198.88, 'Teal', 46),
(585, 'Mertens'' Sedge', 106.33, null, 12),
(586, 'Everlasting-flower', 130.65, 'Fuscia', 9),
(587, 'Clark Valley Larkspur', 145.21, 'Blue', 14),
(588, 'Script Lichen', 108.22, 'Purple', 1),
(589, 'Corymbia', 126.79, 'Fuscia', 44),
(590, 'Florist''s Cyclamen', 62.89, 'Mauv', 35),
(591, 'Metaneckera Moss', 150.82, 'Turquoise', 4),
(592, 'Tecomanthe', 72.08, 'Khaki', 44),
(593, 'Abrams'' Liveforever', 65.14, 'Crimson', 33),
(594, 'Slender Goldentop', 110.54, 'Crimson', 1),
(595, 'Indian Teasel', 131.58, 'Indigo', 14),
(596, 'Orthosiphon', 212.54, 'Purple', 45),
(597, 'Bryohaplocladium Moss', 33.16, 'Khaki', 3),
(598, 'Cowpea Witchweed', 68.9, 'Indigo', 48),
(599, 'Mountain Melonleaf', 158.52, 'Pink', 47),
(600, 'White Snakeroot', 109.97, 'Khaki', 41),
(601, 'Largeleaf Cup Lichen', 27.75, 'Yellow', 24),
(602, 'Redcenter Morning-glory', 191.69, 'Orange', 9),
(603, 'Cream Cheesewood', 244.65, null, 17),
(604, 'Currant Milkvetch', 106.96, 'Purple', 20),
(605, 'Ravine Sedge', 23.57, null, 50),
(606, 'Spiritweed', 57.58, 'Fuscia', 10),
(607, 'Fanmustard', 78.59, 'Puce', 21),
(608, 'Richarson''s Meadow-rue', 77.2, 'Puce', 35),
(609, 'Maguire''s Draba', 69.51, 'Blue', 33),
(610, 'Heartleaf Skullcap', 44.74, 'Mauv', 27),
(611, 'Globe Yellowcress', 90.43, 'Teal', 34),
(612, 'Rinodina Lichen', 143.64, 'Pink', 31),
(613, 'Claspingleaf Wild Cabbage', 127.2, null, 41),
(614, 'Whitebristle Cottongrass', 168.32, 'Goldenrod', 28),
(615, 'River Bulrush', 218.93, 'Violet', 21),
(616, 'Easter Lily', 209.5, null, 35),
(617, 'Ribbed False Pennyroyal', 55.61, 'Red', 36),
(618, 'Gongolin', 84.86, 'Fuscia', 27),
(619, 'Seaside Buckwheat', 77.87, 'Yellow', 40),
(620, 'Huon Pine', 158.31, 'Teal', 26),
(621, 'Hoffmannsegg''s Wild Coffee', 129.56, 'Blue', 18),
(622, 'Hairy Ragweed', 215.88, 'Fuscia', 13),
(623, 'King''s Lupine', 167.03, 'Yellow', 43),
(624, 'Neon''s Orange Lichen', 65.39, 'Aquamarine', 48),
(625, 'Phanerophlebia', 131.43, 'Fuscia', 12),
(626, 'Pine Valley Milkvetch', 155.92, 'Khaki', 13),
(627, 'Munz''s Mariposa Lily', 126.73, null, 41),
(628, 'Moth Bean', 150.14, 'Green', 11),
(629, 'Blue Lettuce', 134.83, 'Goldenrod', 47),
(630, 'Cup Lichen', 237.26, 'Purple', 7),
(631, 'Montane Rockcap Fern', 210.31, 'Teal', 5),
(632, 'Plateau Rocktrumpet', 191.96, 'Indigo', 24),
(633, 'Yellow Woollystar', 15.07, 'Khaki', 13),
(634, 'Marshall''s Saxifrage', 161.39, 'Turquoise', 17),
(635, 'San Diego Sedge', 76.44, 'Green', 6),
(636, 'Pohlia Moss', 9.18, 'Orange', 23),
(637, 'Yellow Anisetree', 152.42, 'Yellow', 49),
(638, 'Gaspé Serviceberry', 160.99, 'Puce', 12),
(639, 'Littleflower Figwort', 157.71, 'Violet', 1),
(640, 'California Coneflower', 2.12, 'Turquoise', 45),
(641, 'Seashore False Bindweed', 40.39, 'Orange', 40),
(642, 'Raillardella', 203.69, 'Purple', 31),
(643, 'Angel''s-tears', 120.04, 'Green', 19),
(644, 'Whitehair Rosette Grass', 109.07, 'Pink', 28),
(645, 'Hammock Sedge', 14.72, 'Indigo', 47),
(646, 'White Heath Aster', 10.31, 'Aquamarine', 39),
(647, 'Dot Lichen', 62.43, 'Turquoise', 7),
(648, 'Broadleaf Bluegrass', 160.99, 'Indigo', 34),
(649, 'Heartleaf Fanpetals', 10.44, 'Red', 50),
(650, 'Grassnut', 106.64, 'Pink', 10),
(651, 'Smallflower Touchmenot', 186.38, 'Purple', 42),
(652, 'Slippery Burr', 125.26, 'Red', 4),
(653, 'Fendler''s Globemallow', 229.73, 'Fuscia', 15),
(654, 'Morning Glory', 103.16, 'Indigo', 6),
(655, 'Monarch Birch', 227.82, 'Puce', 5),
(656, 'Sweetberry Honeysuckle', 52.18, 'Teal', 34),
(657, 'Bonjean''s Dicranum Moss', 145.73, 'Mauv', 10),
(658, 'Lanceleaf Sage', 56.13, null, 48),
(659, 'Hybrid Oak', 142.88, 'Green', 0),
(660, 'Pretty Afzelia', 47.15, 'Green', 33),
(661, 'Wharton''s Dewberry', 237.62, 'Turquoise', 32),
(662, 'Grimmia Dry Rock Moss', 134.55, 'Pink', 32),
(663, 'Threepetal Bedstraw', 154.29, 'Orange', 0),
(664, 'Rocky Mountain Indian Parsley', 246.61, null, 8),
(665, 'Alpine Oreoxis', 195.52, 'Blue', 15),
(666, 'Common Whipplea', 108.13, 'Crimson', 50),
(667, 'Lindheimer Panicgrass', 230.81, 'Puce', 2),
(668, 'Owl''s-clover', 32.41, null, 0),
(669, 'Homalia Moss', 40.47, 'Purple', 19),
(670, 'Whorled Milkwort', 213.6, 'Goldenrod', 7),
(671, 'Modoc Gilia', 95.58, 'Violet', 22),
(672, 'Thurber''s Morning-glory', 19.77, 'Yellow', 34),
(673, 'Tall Fringed Bluebells', 141.37, null, 10),
(674, 'Broom Cupflower', 189.89, 'Pink', 25),
(675, 'Connecticut Beggarticks', 170.14, null, 16),
(676, 'Halfmoon Milkvetch', 169.21, 'Goldenrod', 45),
(677, 'Lecidea Lichen', 196.51, 'Purple', 36),
(678, 'Drummond''s Milkvetch', 163.44, 'Crimson', 46),
(679, 'Roundleaf Thoroughwort', 188.94, 'Maroon', 3),
(680, 'Depressed Shrubverbena', 67.71, 'Puce', 34),
(681, 'Orange Lichen', 247.19, 'Goldenrod', 31),
(682, 'Cuban Prescott Orchid', 200.44, 'Maroon', 13),
(683, 'Shrub Lespedeza', 58.72, 'Maroon', 39),
(684, 'California Copperleaf', 105.94, 'Teal', 37),
(685, 'Curtiss'' Primrose-willow', 168.99, 'Turquoise', 2),
(686, 'Rio Grande Pricklypear', 32.87, 'Aquamarine', 48),
(687, 'Dwarf Beardtongue', 2.13, 'Khaki', 14),
(688, 'Jacobi''s Schiedea', 23.45, 'Yellow', 3),
(689, 'Evergreen Sumac', 132.38, 'Crimson', 45),
(690, 'Ames'' Milkvetch', 86.81, 'Khaki', 38),
(691, 'Kidney Bean', 10.51, 'Teal', 48),
(692, 'Pua''ainaka', 223.16, null, 34),
(693, 'Mutis'' Flatsedge', 127.04, 'Goldenrod', 21),
(694, 'Bristlyleaf Rockcress', 233.41, 'Teal', 19),
(695, 'Narrowleaf Desert Honeysuckle', 109.82, 'Crimson', 48),
(696, 'Pacific Blazingstar', 51.37, 'Purple', 14),
(697, 'Cylindricfruit Primrose-willow', 146.98, 'Green', 46),
(698, 'Hazel Alder', 69.98, 'Fuscia', 47),
(699, 'Regel''s Chickweed', 25.47, 'Violet', 30),
(700, 'Gia Verde', 195.8, 'Mauv', 11),
(701, 'Big Bend Foxtail Cactus', 53.61, 'Yellow', 16),
(702, 'Beard Lichen', 120.05, 'Green', 5),
(703, 'Common Beet', 207.27, 'Maroon', 33),
(704, 'Lackschewitz''s Milkvetch', 26.9, 'Khaki', 22),
(705, 'Kelso Creek Monkeyflower', 145.95, null, 12),
(706, 'Creeping Bedgrass', 237.37, 'Red', 44),
(707, 'Corkscrew Threeawn', 142.47, null, 2),
(708, 'Pale Rush', 30.71, 'Turquoise', 32),
(709, 'Loulu', 238.51, 'Green', 37),
(710, 'California Cottonrose', 162.91, 'Turquoise', 2),
(711, 'Southern Shagbark Hickory', 238.75, 'Aquamarine', 33),
(712, 'Thompson''s Rockcress', 111.37, 'Crimson', 22),
(713, 'Manac', 226.0, null, 31),
(714, 'Treetrunk Bristle Fern', 159.37, 'Crimson', 23),
(715, 'Recurved Milkvetch', 42.74, 'Mauv', 12),
(716, 'Texas Flax', 166.5, 'Violet', 41),
(717, 'Bigflower Bladderpod', 148.95, 'Fuscia', 27),
(718, 'Showy Greenbright', 59.88, 'Indigo', 15),
(719, 'Carpet Phlox', 120.75, 'Turquoise', 16),
(720, 'Kuawawaenohu', 9.31, 'Maroon', 4),
(721, 'Black Booyong', 143.22, null, 14),
(722, 'Davidson''s Wavewing', 54.39, 'Purple', 20),
(723, 'Fascicled Beaksedge', 47.88, null, 30),
(724, 'Slippery Burr', 167.08, 'Khaki', 19),
(725, 'Great Blue Lobelia', 70.75, 'Crimson', 17),
(726, 'Macoun''s Draba', 195.18, 'Mauv', 5),
(727, 'Cushion Buckwheat', 179.3, 'Maroon', 40),
(728, 'Campylopus Moss', 139.21, 'Goldenrod', 15),
(729, 'Fernald''s Milkvetch', 28.04, 'Goldenrod', 34),
(730, 'Mountain Saucerflower', 183.34, 'Puce', 12),
(731, 'Mountain Woodsorrel', 99.29, null, 38),
(732, 'Alakai Swamp Violet', 188.63, 'Teal', 38),
(733, 'Egyptian Starcluster', 167.57, 'Purple', 7),
(734, 'Pennsylvania Everlasting', 25.96, null, 17),
(735, 'Panic Liverseed Grass', 132.48, 'Purple', 18),
(736, 'Toothleaf Taxiphyllum Moss', 146.82, 'Khaki', 46),
(737, 'Pacific False Bindweed', 245.3, 'Turquoise', 9),
(738, 'Meadow Jointvetch', 55.56, 'Crimson', 35),
(739, 'Hato Tejas', 202.97, 'Khaki', 48),
(740, 'Marbled Wildginger', 61.51, 'Fuscia', 8),
(741, 'Clypeococcum Lichen', 173.29, 'Orange', 18),
(742, 'Cephalocereus', 143.78, 'Khaki', 31),
(743, 'Shorthair Reedgrass', 18.74, 'Maroon', 14),
(744, 'Pineywoods Geranium', 35.72, 'Blue', 16),
(745, 'Toughleaf Dogwood', 69.83, 'Orange', 9),
(746, 'Fiveangled Dodder', 216.32, 'Pink', 16),
(747, 'Gentner''s Fritillary', 38.65, 'Fuscia', 24),
(748, 'Mandan Ricegrass', 14.0, 'Turquoise', 26),
(749, 'Whitethorn Acacia', 197.19, 'Yellow', 9),
(750, 'Ertter''s Woollystar', 119.9, 'Pink', 12),
(751, 'Bristly Stingingbush', 108.22, 'Orange', 13),
(752, 'Pmc Manzanita', 233.78, 'Puce', 20),
(753, 'Rhagadiolus', 174.84, 'Aquamarine', 13),
(754, 'Beaver Indian Breadroot', 45.8, 'Khaki', 3),
(755, 'Slimjim Flatsedge', 211.29, null, 38),
(756, 'Spring Biatora Lichen', 147.25, 'Puce', 28),
(757, 'Giant Chinquapin', 20.15, 'Red', 33),
(758, 'Hyssopleaf Hedgenettle', 200.23, 'Fuscia', 50),
(759, 'Mabrya', 107.26, 'Khaki', 27),
(760, 'Beach Wormwood', 247.25, 'Purple', 19),
(761, 'Chapman''s Yelloweyed Grass', 98.95, 'Blue', 47),
(762, 'Procession Flower', 113.83, 'Orange', 34),
(763, 'Low Bladderpod', 157.97, 'Fuscia', 36),
(764, 'Prairie Bluebells', 200.74, null, 5),
(765, 'Boissier''s Clover', 231.32, 'Crimson', 11),
(766, 'Divaricate Navarretia', 17.88, 'Maroon', 22),
(767, 'Chihuahua Tansyaster', 130.69, 'Goldenrod', 22),
(768, 'European Honeysuckle', 231.92, 'Goldenrod', 42),
(769, 'Maricao Cimun', 90.73, 'Pink', 38),
(770, 'Slender Hawksbeard', 93.88, null, 43),
(771, 'Kamchatka Buttercup', 235.78, 'Khaki', 50),
(772, 'Straw Foxglove', 155.79, 'Blue', 13),
(773, 'Hyssopus', 240.14, null, 12),
(774, 'Burr Daisytree', 13.09, 'Pink', 11),
(775, 'Yellow Pincushion', 86.11, 'Mauv', 24),
(776, 'Rambutan', 152.92, 'Teal', 2),
(777, 'Bebb Willow', 148.23, null, 25),
(778, 'Desert Dodder', 6.56, 'Red', 22),
(779, 'Davidson''s Sage', 74.73, 'Goldenrod', 4),
(780, 'Hairy Cyanea', 94.47, 'Fuscia', 10),
(781, 'Sawsepal Penstemon', 209.49, 'Blue', 33),
(782, 'Redtop Panicgrass', 14.27, 'Red', 31),
(783, 'Sierra Laurel', 169.83, 'Teal', 36),
(784, 'Texas Salt', 141.13, 'Aquamarine', 43),
(785, 'Rock Melicgrass', 210.39, 'Pink', 33),
(786, 'Baltic Saltbush', 109.83, 'Orange', 2),
(787, 'Ivyleaf Speedwell', 207.24, null, 35),
(788, 'Shining Blazingstar', 244.0, 'Fuscia', 32),
(789, 'Creeping Woodsorrel', 56.39, 'Pink', 14),
(790, 'Belladonna', 212.48, 'Teal', 20),
(791, 'Spreading Bladderpod', 240.33, 'Maroon', 17),
(792, 'Porter''s Groundsel', 225.5, 'Crimson', 32),
(793, 'Coffeetree', 16.17, 'Maroon', 24),
(794, 'Ptychomitrium Moss', 31.17, 'Khaki', 18),
(795, 'Spoonleaf Buckwheat', 197.04, 'Crimson', 43),
(796, 'Isely''s Stickpea', 1.17, 'Blue', 40),
(797, 'Graceful Lipfern', 20.52, 'Aquamarine', 21),
(798, 'Kleingrass', 161.25, 'Red', 49),
(799, 'Lanceleaf Beardtongue', 162.11, 'Yellow', 48),
(800, 'Coastal Plain Chaffhead', 3.34, 'Aquamarine', 34),
(801, 'Yellow Velvetleaf', 8.61, 'Aquamarine', 19),
(802, 'Hood River Milkvetch', 13.79, 'Aquamarine', 50),
(803, 'Yellow Stingbush', 100.12, 'Aquamarine', 38),
(804, 'Eelgrass', 173.39, 'Purple', 40),
(805, 'Bluecup', 189.0, 'Pink', 24),
(806, 'Knotted Rush', 124.55, 'Maroon', 1),
(807, 'Cottongrass', 34.39, 'Yellow', 22),
(808, 'California Evening Primrose', 178.86, 'Teal', 49),
(809, 'Bluntleaved Orchid', 76.96, 'Teal', 1),
(810, 'Marguerite''s Clubmoss', 60.7, 'Fuscia', 1),
(811, 'Hairy Lespedeza', 58.67, 'Maroon', 5),
(812, 'Purpleflower Blacksnakeroot', 84.97, 'Indigo', 30),
(813, 'Onecolor Willow', 55.89, 'Goldenrod', 46),
(814, 'Fringed Orchid', 211.55, null, 43),
(815, 'Stanhopea', 183.75, 'Red', 46),
(816, 'Hydnocarpus', 154.62, 'Maroon', 10),
(817, 'Enchanter''s Nightshade', 131.51, 'Aquamarine', 41),
(818, 'Narrowpod Sensitive Pea', 87.58, 'Aquamarine', 31),
(819, 'Grugru Palm', 151.49, 'Goldenrod', 16),
(820, 'Lowland Blackberry', 36.33, 'Indigo', 27),
(821, 'Smooth Rock Skullcap', 31.7, 'Orange', 13),
(822, 'Manyseed Goosefoot', 228.7, 'Khaki', 32),
(823, 'Torrid Panicgrass', 180.71, null, 48),
(824, 'Washington Twinpod', 218.87, 'Green', 5),
(825, 'Common Hoptree', 208.75, 'Crimson', 29),
(826, 'Zelometeorium Moss', 162.75, 'Purple', 37),
(827, 'Florida Lady''s Nightcap', 32.09, 'Green', 8),
(828, 'Funaria Moss', 35.37, 'Goldenrod', 49),
(829, 'Evergreen Sumac', 40.13, 'Yellow', 48),
(830, 'Serviceberry', 10.13, 'Fuscia', 48),
(831, 'Rimmed Lichen', 232.57, 'Mauv', 44),
(832, 'Pacific Felt Lichen', 74.87, 'Goldenrod', 34),
(833, 'Simple Campion', 152.36, 'Teal', 35),
(834, 'Obtuse Tortula Moss', 114.04, 'Turquoise', 5),
(835, 'Ovate Marsh Fern', 26.53, 'Crimson', 41),
(836, 'California Skullcap', 232.64, 'Teal', 31),
(837, 'Mingan Moonwort', 133.44, 'Indigo', 49),
(838, 'Trichodon Moss', 38.75, 'Puce', 15),
(839, 'Cobwebby Indian Paintbrush', 52.83, 'Red', 4),
(840, 'Prostrate False Buttonweed', 92.23, 'Mauv', 35),
(841, 'Fireweed Groundsel', 220.1, 'Orange', 10),
(842, 'Coyote Mint', 158.04, 'Aquamarine', 25),
(843, 'Bartramia Moss', 172.38, 'Red', 29),
(844, 'Santa Catalina Mountain Phlox', 102.07, 'Mauv', 36),
(845, 'American Rockbrake', 128.38, 'Aquamarine', 41),
(846, 'Eightpetal Mountain-avens', 208.45, null, 9);

INSERT INTO info_plants (id, plant_id, family, genus, purpose) VALUES 
(1, 110, 'Apiaceae', 'Erica', 'Eating'),
(2, 191, 'Polygonaceae', 'Justicia', 'Poisoning'),
(3, 227, 'Cucurbitaceae', 'Dendrobium', 'Poisoning'),
(4, 748, 'Poaceae', 'Impatiens', 'Eating'),
(5, 61, 'Cyperaceae', 'Oncidium', null),
(6, 745, 'Cactaceae', 'Crotalaria', 'Eating'),
(7, 696, 'Ophioglossaceae', 'Oncidium', 'Poisoning'),
(8, 281, 'Malvaceae', 'Piper', 'Poisoning'),
(9, 457, 'Polygonaceae', 'Cyperus', 'Healing'),
(10, 552, 'Brassicaceae', 'Diospyros', null),
(11, 11, 'Fabaceae', 'Epidendrum', 'Eating'),
(12, 832, 'Fabaceae', 'Cyperus', null),
(13, 409, 'Collemataceae', 'Dendrobium', 'Healing'),
(14, 83, 'Apiaceae', 'Psychotria', 'Poisoning'),
(15, 809, 'Pertusariaceae', 'Galium', 'Healing'),
(16, 473, 'Malvaceae', 'Polygala', null),
(17, 80, 'Asteraceae', 'Silene', 'Poisoning'),
(18, 477, 'Convolvulaceae', 'Peperomia', 'Poisoning'),
(19, 53, 'Fabaceae', 'Epidendrum', 'Poisoning'),
(20, 82, 'Malvaceae', 'Syzygium', null),
(21, 595, 'Brassicaceae', 'Psychotria', 'Healing'),
(22, 338, 'Violaceae', 'Carex', 'Healing'),
(23, 455, 'Rosaceae', 'Centaurea', null),
(24, 44, 'Papaveraceae', 'Bulbophyllum', null),
(25, 656, 'Clusiaceae', 'Salvia', 'Poisoning'),
(26, 26, 'Fabaceae', 'Pleurothallis', 'Healing'),
(27, 573, 'Loasaceae', 'Polygala', 'Eating'),
(28, 454, 'Boraginaceae', 'Anthurium', 'Eating'),
(29, 29, 'Fagaceae', 'Begonia', 'Poisoning'),
(30, 818, 'Solanaceae', 'Bulbophyllum', null),
(31, 518, 'Ranunculaceae', 'Salvia', 'Eating'),
(32, 347, 'Parmeliaceae', 'Ardisia', 'Healing'),
(33, 33, 'Acanthaceae', 'Miconia', 'Poisoning'),
(34, 156, 'Poaceae', 'Quercus', 'Healing'),
(35, 35, 'Melastomataceae', 'Psychotria', 'Healing'),
(36, 342, 'Cyperaceae', 'Potentilla', 'Poisoning'),
(37, 288, 'Arthoniaceae', 'Acacia', 'Healing'),
(38, 492, 'Asteraceae', 'Ardisia', 'Poisoning'),
(39, 598, 'Apiaceae', 'Syzygium', 'Eating'),
(40, 612, 'Ericaceae', 'Oxalis', null),
(41, 718, 'Portulacaceae', 'Astragalus', 'Poisoning'),
(42, 769, 'Urticaceae', 'Silene', null),
(43, 7, 'Polygalaceae', 'Carex', 'Poisoning'),
(44, 747, 'Hydrophyllaceae', 'Helichrysum', 'Poisoning'),
(45, 278, 'Aspleniaceae', 'Ranunculus', 'Eating'),
(46, 575, 'Grimmiaceae', 'Habenaria', 'Poisoning'),
(47, 476, 'Portulacaceae', 'Berberis', 'Eating'),
(48, 499, 'Hymenophyllaceae', 'Ranunculus', 'Healing'),
(49, 49, 'Poaceae', 'Panicum', 'Healing'),
(50, 50, 'Fabaceae', 'Crotalaria', 'Healing'),
(51, 732, 'Verbenaceae', 'Potentilla', 'Poisoning'),
(52, 654, 'Scrophulariaceae', 'Eria', 'Healing'),
(53, 571, 'Uncertain Ascomycota Family', 'Pandanus', 'Poisoning'),
(54, 158, 'Berberidaceae', 'Psychotria', 'Eating'),
(55, 169, 'Iridaceae', 'Schefflera', 'Healing'),
(56, 501, 'Gentianaceae', 'Phyllanthus', 'Healing'),
(57, 289, 'Dennstaedtiaceae', 'Schefflera', 'Poisoning'),
(58, 141, 'Erythroxylaceae', 'Lepanthes', null),
(59, 59, 'Poaceae', 'Pandanus', 'Eating'),
(60, 491, 'Caliciaceae', 'Anthurium', 'Eating'),
(61, 544, 'Fabaceae', 'Impatiens', 'Eating'),
(62, 463, 'Liliaceae', 'Syzygium', 'Eating'),
(63, 190, 'Asclepiadaceae', 'Impatiens', 'Eating'),
(64, 114, 'Lycopodiaceae', 'Habenaria', 'Poisoning'),
(65, 578, 'Asteraceae', 'Syzygium', 'Poisoning'),
(66, 329, 'Scrophulariaceae', 'Piper', null),
(67, 507, 'Teloschistaceae', 'Dendrobium', 'Eating'),
(68, 615, 'Asteraceae', 'Bulbophyllum', null),
(69, 246, 'Brassicaceae', 'Erica', 'Eating'),
(70, 450, 'Capparaceae', 'Silene', 'Healing'),
(71, 487, 'Liliaceae', 'Potentilla', null),
(72, 752, 'Ericaceae', 'Ardisia', 'Eating'),
(73, 802, 'Euphorbiaceae', 'Ranunculus', 'Eating'),
(74, 277, 'Arthopyreniaceae', 'Rhododendron', 'Poisoning'),
(75, 411, 'Dennstaedtiaceae', 'Anthurium', null),
(76, 452, 'Euphorbiaceae', 'Potentilla', 'Eating'),
(77, 414, 'Rosaceae', 'Indigofera', 'Healing'),
(78, 335, 'Asteraceae', 'Carex', 'Eating'),
(79, 73, 'Polemoniaceae', 'Dioscorea', null),
(80, 606, 'Liliaceae', 'Dendrobium', null),
(81, 379, 'Scrophulariaceae', 'Anthurium', 'Healing'),
(82, 829, 'Verbenaceae', 'Anthurium', 'Healing'),
(83, 196, 'Amaranthaceae', 'Galium', 'Healing'),
(84, 78, 'Teloschistaceae', 'Begonia', null),
(85, 52, 'Cyperaceae', 'Dendrobium', 'Healing'),
(86, 74, 'Thelenellaceae', 'Acacia', 'Poisoning'),
(87, 122, 'Fabaceae', 'Anthurium', 'Poisoning'),
(88, 119, 'Agavaceae', 'Senecio', 'Eating'),
(89, 797, 'Asteraceae', 'Indigofera', 'Poisoning'),
(90, 339, 'Convolvulaceae', 'Acacia', 'Poisoning'),
(91, 830, 'Parmeliaceae', 'Potentilla', 'Eating'),
(92, 623, 'Myrtaceae', 'Silene', 'Poisoning'),
(93, 3, 'Crassulaceae', 'Epidendrum', 'Healing'),
(94, 549, 'Piperaceae', 'Helichrysum', 'Poisoning'),
(95, 819, 'Cyperaceae', 'Pandanus', 'Eating'),
(96, 374, 'Orchidaceae', 'Croton', 'Healing'),
(97, 218, 'Rosaceae', 'Crotalaria', 'Poisoning'),
(98, 796, 'Parmeliaceae', 'Ranunculus', 'Eating'),
(99, 511, 'Orchidaceae', 'Bulbophyllum', 'Eating'),
(100, 15, 'Orchidaceae', 'Dioscorea', 'Eating'),
(101, 495, 'Euphorbiaceae', 'Eria', 'Healing'),
(102, 127, 'Acanthaceae', 'Bulbophyllum', 'Poisoning'),
(103, 845, 'Asteraceae', 'Vernonia', 'Poisoning'),
(104, 160, 'Asteraceae', 'Epidendrum', 'Poisoning'),
(105, 171, 'Araliaceae', 'Eria', 'Poisoning'),
(106, 389, 'Cyperaceae', 'Cyrtandra', 'Poisoning'),
(107, 649, 'Onagraceae', 'Cousinia', null),
(108, 537, 'Pterigynandraceae', 'Bulbophyllum', 'Poisoning'),
(109, 677, 'Fontinalaceae', 'Eria', 'Poisoning'),
(110, 556, 'Fabaceae', 'Panicum', 'Poisoning'),
(111, 380, 'Pinaceae', 'Eria', 'Healing'),
(112, 112, 'Asteraceae', 'Bulbophyllum', null),
(113, 63, 'Zygophyllaceae', 'Ranunculus', null),
(114, 38, 'Rubiaceae', 'Bulbophyllum', 'Poisoning'),
(115, 658, 'Poaceae', 'Anthurium', 'Poisoning'),
(116, 116, 'Asteraceae', 'Galium', 'Poisoning'),
(117, 234, 'Cupressaceae', 'Polygala', null),
(118, 412, 'Polygonaceae', 'Miconia', 'Eating'),
(119, 30, 'Crassulaceae', 'Cyperus', null),
(120, 786, 'Onagraceae', 'Pandanus', 'Poisoning'),
(121, 783, 'Hydrophyllaceae', 'Phyllanthus', null),
(122, 616, 'Brassicaceae', 'Eugenia', null),
(123, 446, 'Malvaceae', 'Rhododendron', 'Poisoning'),
(124, 242, 'Zygophyllaceae', 'Carex', null),
(125, 349, 'Berberidaceae', 'Dendrobium', null),
(126, 607, 'Rosaceae', 'Dioscorea', 'Poisoning'),
(127, 605, 'Grimmiaceae', 'Begonia', 'Eating'),
(128, 128, 'Hypnaceae', 'Epidendrum', null),
(129, 107, 'Apiaceae', 'Phyllanthus', 'Poisoning'),
(130, 735, 'Caryophyllaceae', 'Eugenia', 'Poisoning'),
(131, 25, 'Liliaceae', 'Oxalis', 'Poisoning'),
(132, 266, 'Asteraceae', 'Cyperus', 'Eating'),
(133, 445, 'Poaceae', 'Phyllanthus', 'Eating'),
(134, 170, 'Arecaceae', 'Senecio', 'Eating'),
(135, 460, 'Physciaceae', 'Allium', 'Poisoning'),
(136, 378, 'Asteraceae', 'Piper', null),
(137, 546, 'Poaceae', 'Croton', 'Healing'),
(138, 505, 'Thelypteridaceae', 'Ipomoea', 'Healing'),
(139, 684, 'Asteraceae', 'Croton', 'Healing'),
(140, 386, 'Pottiaceae', 'Silene', 'Healing'),
(141, 316, 'Lecanoraceae', 'Astragalus', 'Eating'),
(142, 646, 'Pinaceae', 'Diospyros', 'Poisoning'),
(143, 421, 'Onagraceae', 'Senecio', null),
(144, 325, 'Asteraceae', 'Oxalis', 'Healing'),
(145, 620, 'Asteraceae', 'Ixora', null),
(146, 494, 'Polemoniaceae', 'Oxalis', 'Healing'),
(147, 410, 'Cucurbitaceae', 'Phyllanthus', 'Healing'),
(148, 272, 'Oxalidaceae', 'Lepanthes', 'Healing'),
(149, 603, 'Rosaceae', 'Potentilla', null),
(150, 772, 'Caryophyllaceae', 'Habenaria', 'Poisoning'),
(151, 720, 'Rosaceae', 'Miconia', 'Poisoning'),
(152, 490, 'Brassicaceae', 'Schefflera', 'Poisoning'),
(153, 89, 'Lamiaceae', 'Pleurothallis', 'Eating'),
(154, 154, 'Asteraceae', 'Panicum', 'Healing'),
(155, 353, 'Rosaceae', 'Ardisia', 'Healing'),
(156, 641, 'Rubiaceae', 'Galium', 'Healing'),
(157, 91, 'Orthotrichaceae', 'Lepanthes', 'Healing'),
(158, 182, 'Ranunculaceae', 'Ardisia', 'Healing'),
(159, 54, 'Asteraceae', 'Eugenia', 'Poisoning'),
(160, 376, 'Asteraceae', 'Carex', 'Eating'),
(161, 371, 'Onagraceae', 'Habenaria', 'Healing'),
(162, 427, 'Capparaceae', 'Ardisia', null),
(163, 222, 'Apiaceae', 'Eria', 'Healing'),
(164, 219, 'Porpidiaceae', 'Anthurium', 'Healing'),
(165, 291, 'Geraniaceae', 'Begonia', 'Eating'),
(166, 166, 'Pottiaceae', 'Piper', 'Eating'),
(167, 440, 'Asclepiadaceae', 'Eria', null),
(168, 168, 'Scrophulariaceae', 'Centaurea', 'Healing'),
(169, 334, 'Lamiaceae', 'Astragalus', 'Healing'),
(170, 785, 'Trypetheliaceae', 'Peperomia', 'Eating'),
(171, 192, 'Rosaceae', 'Dendrobium', 'Healing'),
(172, 710, 'Poaceae', 'Diospyros', null),
(173, 510, 'Dryopteridaceae', 'Cassia', 'Healing'),
(174, 249, 'Scrophulariaceae', 'Schefflera', 'Healing'),
(175, 814, 'Fabaceae', 'Erica', 'Healing'),
(176, 6, 'Cyperaceae', 'Cyrtandra', 'Eating'),
(177, 738, 'Acarosporaceae', 'Croton', 'Eating'),
(178, 258, 'Ericaceae', 'Senecio', 'Eating'),
(179, 407, 'Dryopteridaceae', 'Anthurium', 'Healing'),
(180, 479, 'Brassicaceae', 'Rhododendron', null),
(181, 321, 'Parmeliaceae', 'Impatiens', 'Eating'),
(182, 356, 'Equisetaceae', 'Ixora', 'Poisoning'),
(183, 693, 'Asteraceae', 'Cyrtandra', 'Eating'),
(184, 592, 'Scrophulariaceae', 'Habenaria', 'Poisoning'),
(185, 48, 'Iridaceae', 'Lepanthes', 'Healing'),
(186, 610, 'Scrophulariaceae', 'Syzygium', 'Healing'),
(187, 512, 'Cymodoceaceae', 'Allium', 'Healing'),
(188, 660, 'Sarraceniaceae', 'Croton', 'Healing'),
(189, 678, 'Physciaceae', 'Eugenia', null),
(190, 115, 'Cactaceae', 'Ipomoea', null),
(191, 144, 'Acarosporaceae', 'Eucalyptus', null),
(192, 462, 'Euphorbiaceae', 'Crotalaria', 'Healing'),
(193, 193, 'Papaveraceae', 'Carex', 'Eating'),
(194, 497, 'Rosaceae', 'Peperomia', null),
(195, 195, 'Asteraceae', 'Acacia', 'Poisoning'),
(196, 93, 'Hydrophyllaceae', 'Senecio', 'Healing'),
(197, 478, 'Papaveraceae', 'Bulbophyllum', 'Eating'),
(198, 528, 'Haloragaceae', 'Dioscorea', null),
(199, 199, 'Pteridaceae', 'Galium', 'Healing'),
(200, 4, 'Asclepiadaceae', 'Erica', 'Healing'),
(201, 682, 'Cactaceae', 'Solanum', 'Eating'),
(202, 583, 'Liliaceae', 'Begonia', 'Poisoning'),
(203, 343, 'Fabaceae', 'Senecio', 'Healing'),
(204, 314, 'Fabaceae', 'Cassia', null),
(205, 86, 'Saxifragaceae', 'Ixora', 'Healing'),
(206, 348, 'Aspleniaceae', 'Pleurothallis', 'Healing'),
(207, 801, 'Porpidiaceae', 'Ranunculus', 'Healing'),
(208, 500, 'Verrucariaceae', 'Erica', 'Eating'),
(209, 155, 'Apiaceae', 'Helichrysum', 'Healing'),
(210, 210, 'Ericaceae', 'Berberis', 'Eating'),
(211, 194, 'Campanulaceae', 'Anthurium', 'Eating'),
(212, 665, 'Rosaceae', 'Helichrysum', 'Poisoning'),
(213, 260, 'Orchidaceae', 'Ardisia', 'Healing'),
(214, 722, 'Orchidaceae', 'Diospyros', 'Eating'),
(215, 173, 'Lecanoraceae', 'Eugenia', 'Healing'),
(216, 322, 'Flacourtiaceae', 'Cyperus', 'Eating'),
(217, 601, 'Gomphillaceae', 'Potentilla', 'Healing'),
(218, 825, 'Rosaceae', 'Lepanthes', 'Healing'),
(219, 586, 'Asteraceae', 'Dendrobium', 'Poisoning'),
(220, 311, 'Asteraceae', 'Piper', 'Eating'),
(221, 221, 'Caryophyllaceae', 'Miconia', 'Eating'),
(222, 225, 'Asteraceae', 'Centaurea', null),
(223, 223, 'Fabaceae', 'Crotalaria', 'Eating'),
(224, 224, 'Dryopteridaceae', 'Astragalus', null),
(225, 256, 'Juglandaceae', 'Cyperus', null),
(226, 137, 'Asteraceae', 'Piper', 'Eating'),
(227, 844, 'Physciaceae', 'Dendrobium', null),
(228, 629, 'Rosaceae', 'Miconia', 'Eating'),
(229, 591, 'Orchidaceae', 'Cyrtandra', null),
(230, 337, 'Campanulaceae', 'Lepanthes', 'Poisoning'),
(231, 383, 'Fabaceae', 'Ficus', null),
(232, 364, 'Fabaceae', 'Habenaria', 'Healing'),
(233, 503, 'Asteraceae', 'Croton', 'Healing'),
(234, 433, 'Asteraceae', 'Schefflera', null),
(235, 402, 'Orchidaceae', 'Astragalus', 'Poisoning'),
(236, 94, 'Crassulaceae', 'Cyperus', 'Poisoning'),
(237, 406, 'Rhamnaceae', 'Cassia', 'Poisoning'),
(238, 392, 'Burseraceae', 'Cyperus', 'Eating'),
(239, 538, 'Poaceae', 'Diospyros', 'Eating'),
(240, 663, 'Ulmaceae', 'Ficus', null),
(241, 430, 'Fabaceae', 'Helichrysum', 'Poisoning'),
(242, 20, 'Asteraceae', 'Potentilla', null),
(243, 485, 'Lamiaceae', 'Salvia', null),
(244, 257, 'Ranunculaceae', 'Habenaria', 'Healing'),
(245, 165, 'Poaceae', 'Peperomia', 'Poisoning'),
(246, 737, 'Liliaceae', 'Galium', null),
(247, 604, 'Commelinaceae', 'Dioscorea', 'Healing'),
(248, 248, 'Rosaceae', 'Erica', 'Healing'),
(249, 470, 'Asteraceae', 'Vernonia', 'Healing'),
(250, 250, 'Asteraceae', 'Cyperus', 'Healing'),
(251, 317, 'Asteraceae', 'Pandanus', 'Healing'),
(252, 815, 'Pontederiaceae', 'Ficus', 'Poisoning'),
(253, 159, 'Rhamnaceae', 'Ipomoea', 'Healing'),
(254, 254, 'Lecideaceae', 'Astragalus', null),
(255, 150, 'Euphorbiaceae', 'Centaurea', 'Eating'),
(256, 724, 'Asteraceae', 'Peperomia', 'Healing'),
(257, 691, 'Sapotaceae', 'Diospyros', 'Poisoning'),
(258, 297, 'Fabaceae', 'Oxalis', 'Eating'),
(259, 259, 'Fabaceae', 'Oncidium', 'Poisoning'),
(260, 508, 'Asteraceae', 'Syzygium', null),
(261, 62, 'Polemoniaceae', 'Schefflera', null),
(262, 255, 'Fabaceae', 'Eria', 'Eating'),
(263, 263, 'Cyperaceae', 'Eugenia', null),
(264, 702, 'Opegraphaceae', 'Astragalus', null),
(265, 265, 'Fagaceae', 'Pandanus', 'Poisoning'),
(266, 178, 'Annonaceae', 'Impatiens', 'Poisoning'),
(267, 98, 'Cyperaceae', 'Helichrysum', 'Poisoning'),
(268, 835, 'Chenopodiaceae', 'Astragalus', null),
(269, 800, 'Ranunculaceae', 'Eria', 'Healing'),
(270, 424, 'Asteraceae', 'Syzygium', 'Poisoning'),
(271, 9, 'Sapindaceae', 'Lepanthes', 'Poisoning'),
(272, 344, 'Arthoniaceae', 'Habenaria', 'Poisoning'),
(273, 145, 'Rosaceae', 'Panicum', null),
(274, 788, 'Caryophyllaceae', 'Carex', null),
(275, 599, 'Asteraceae', 'Euphorbia', null),
(276, 758, 'Hippocastanaceae', 'Oncidium', 'Poisoning'),
(277, 300, 'Caryophyllaceae', 'Vernonia', 'Poisoning'),
(278, 45, 'Polemoniaceae', 'Begonia', 'Healing'),
(279, 482, 'Orchidaceae', 'Potentilla', 'Poisoning'),
(280, 713, 'Dryopteridaceae', 'Acacia', null),
(281, 551, 'Daltoniaceae', 'Anthurium', 'Poisoning'),
(282, 596, 'Fabaceae', 'Lepanthes', 'Eating'),
(283, 148, 'Caryophyllaceae', 'Rhododendron', 'Poisoning'),
(284, 670, 'Asteraceae', 'Erica', null),
(285, 253, 'Verrucariaceae', 'Crotalaria', null),
(286, 39, 'Liliaceae', 'Acacia', 'Eating'),
(287, 791, 'Moraceae', 'Acacia', 'Eating'),
(288, 566, 'Melastomataceae', 'Crotalaria', 'Poisoning'),
(289, 471, 'Plantaginaceae', 'Carex', 'Poisoning'),
(290, 361, 'Polygonaceae', 'Euphorbia', 'Eating'),
(291, 149, 'Polygonaceae', 'Oxalis', 'Poisoning'),
(292, 767, 'Chenopodiaceae', 'Piper', 'Healing'),
(293, 531, 'Apiaceae', 'Berberis', 'Healing'),
(294, 355, 'Brachytheciaceae', 'Berberis', 'Eating'),
(295, 394, 'Urticaceae', 'Cyperus', 'Healing'),
(296, 448, 'Polemoniaceae', 'Cyrtandra', 'Healing'),
(297, 529, 'Rosaceae', 'Indigofera', 'Eating'),
(298, 298, 'Asteraceae', 'Pandanus', 'Poisoning'),
(299, 299, 'Notothyladaceae', 'Cyperus', 'Healing'),
(300, 286, 'Ranunculaceae', 'Eugenia', 'Poisoning'),
(301, 287, 'Geraniaceae', 'Phyllanthus', 'Eating'),
(302, 2, 'Cucurbitaceae', 'Allium', 'Healing'),
(303, 671, 'Violaceae', 'Ranunculus', 'Eating'),
(304, 753, 'Solanaceae', 'Eugenia', 'Eating'),
(305, 351, 'Betulaceae', 'Habenaria', 'Eating'),
(306, 121, 'Polygonaceae', 'Helichrysum', null),
(307, 79, 'Brassicaceae', 'Eugenia', 'Poisoning'),
(308, 413, 'Apiaceae', 'Indigofera', 'Eating'),
(309, 309, 'Apiaceae', 'Croton', null),
(310, 700, 'Polygonaceae', 'Eugenia', null),
(311, 226, 'Hydrophyllaceae', 'Allium', null),
(312, 283, 'Cladoniaceae', 'Dioscorea', null),
(313, 808, 'Xyridaceae', 'Justicia', 'Eating'),
(314, 587, 'Fabaceae', 'Bulbophyllum', null),
(315, 486, 'Bignoniaceae', 'Anthurium', 'Eating'),
(316, 109, 'Polygonaceae', 'Cassia', 'Eating'),
(317, 81, 'Fabaceae', 'Rhododendron', 'Poisoning'),
(318, 184, 'Bruchiaceae', 'Ardisia', 'Eating'),
(319, 319, 'Scrophulariaceae', 'Miconia', 'Eating'),
(320, 320, 'Rutaceae', 'Astragalus', null),
(321, 367, 'Caryophyllaceae', 'Pandanus', 'Poisoning'),
(322, 362, 'Primulaceae', 'Allium', null),
(323, 577, 'Poaceae', 'Allium', 'Healing'),
(324, 47, 'Boraginaceae', 'Dioscorea', 'Healing'),
(325, 498, 'Liliaceae', 'Peperomia', 'Eating'),
(326, 346, 'Asteraceae', 'Erica', 'Poisoning'),
(327, 784, 'Asteraceae', 'Silene', 'Healing'),
(328, 655, 'Rosaceae', 'Lepanthes', 'Healing'),
(329, 723, 'Euphorbiaceae', 'Polygala', 'Eating'),
(330, 216, 'Apiaceae', 'Oncidium', 'Healing'),
(331, 60, 'Pontederiaceae', 'Schefflera', 'Healing'),
(332, 750, 'Lycopodiaceae', 'Panicum', 'Poisoning'),
(333, 434, 'Dicranaceae', 'Cyperus', 'Poisoning'),
(334, 820, 'Primulaceae', 'Dioscorea', 'Healing'),
(335, 243, 'Poaceae', 'Anthurium', 'Poisoning'),
(336, 102, 'Vitaceae', 'Eucalyptus', 'Eating'),
(337, 201, 'Fabaceae', 'Galium', 'Poisoning'),
(338, 22, 'Rosaceae', 'Erica', 'Poisoning'),
(339, 76, 'Grossulariaceae', 'Quercus', null),
(340, 662, 'Asteraceae', 'Silene', 'Healing'),
(341, 543, 'Salicaceae', 'Astragalus', 'Poisoning'),
(342, 798, 'Fabaceae', 'Piper', 'Healing'),
(343, 17, 'Apiaceae', 'Ardisia', 'Healing'),
(344, 447, 'Brassicaceae', 'Galium', null),
(345, 136, 'Aizoaceae', 'Eucalyptus', 'Poisoning'),
(346, 95, 'Pteridaceae', 'Panicum', 'Poisoning'),
(347, 186, 'Euphorbiaceae', 'Begonia', 'Healing'),
(348, 435, 'Polemoniaceae', 'Acacia', 'Poisoning'),
(349, 642, 'Orthotrichaceae', 'Quercus', 'Poisoning'),
(350, 241, 'Pteridaceae', 'Erica', null),
(351, 488, 'Brassicaceae', 'Cassia', 'Healing'),
(352, 368, 'Campanulaceae', 'Impatiens', 'Healing'),
(353, 357, 'Pyrolaceae', 'Cassia', null),
(354, 354, 'Asteraceae', 'Rhododendron', 'Poisoning'),
(355, 181, 'Poaceae', 'Impatiens', 'Healing'),
(356, 685, 'Araceae', 'Allium', 'Healing'),
(357, 239, 'Cyperaceae', 'Miconia', 'Healing'),
(358, 358, 'Cactaceae', 'Anthurium', 'Poisoning'),
(359, 834, 'Campanulaceae', 'Bulbophyllum', 'Healing'),
(360, 484, 'Xyridaceae', 'Cassia', 'Poisoning'),
(361, 24, 'Malvaceae', 'Epidendrum', 'Eating'),
(362, 247, 'Pottiaceae', 'Solanum', null),
(363, 118, 'Asteraceae', 'Eria', 'Eating'),
(364, 232, 'Parmeliaceae', 'Eria', 'Poisoning'),
(365, 673, 'Rutaceae', 'Ipomoea', 'Poisoning'),
(366, 676, 'Boraginaceae', 'Oxalis', null),
(367, 214, 'Eriocaulaceae', 'Potentilla', 'Eating'),
(368, 553, 'Hydrophyllaceae', 'Pandanus', null),
(369, 369, 'Asteraceae', 'Miconia', null),
(370, 240, 'Asteraceae', 'Crotalaria', 'Healing'),
(371, 235, 'Fabaceae', 'Rhododendron', null),
(372, 167, 'Poaceae', 'Panicum', null),
(373, 34, 'Cyperaceae', 'Cyperus', 'Healing'),
(374, 821, 'Fabaceae', 'Ipomoea', null),
(375, 698, 'Brassicaceae', 'Syzygium', 'Poisoning'),
(376, 608, 'Agavaceae', 'Cyrtandra', null),
(377, 377, 'Polemoniaceae', 'Ficus', 'Healing'),
(378, 164, 'Elaeocarpaceae', 'Oxalis', 'Poisoning'),
(379, 132, 'Fagaceae', 'Impatiens', null),
(380, 126, 'Parmeliaceae', 'Polygala', 'Poisoning'),
(381, 328, 'Malpighiaceae', 'Pandanus', 'Healing'),
(382, 382, 'Fabaceae', 'Quercus', 'Healing'),
(383, 69, 'Ditrichaceae', 'Bulbophyllum', 'Poisoning'),
(384, 56, 'Scrophulariaceae', 'Oxalis', 'Healing'),
(385, 680, 'Caliciaceae', 'Potentilla', 'Healing'),
(386, 188, 'Fabaceae', 'Ipomoea', 'Poisoning'),
(387, 534, 'Sapotaceae', 'Euphorbia', 'Healing'),
(388, 729, 'Onagraceae', 'Pleurothallis', 'Poisoning'),
(389, 16, 'Aquifoliaceae', 'Acacia', null),
(390, 390, 'Collemataceae', 'Ixora', null),
(391, 391, 'Apiaceae', 'Impatiens', null),
(392, 375, 'Grossulariaceae', 'Quercus', 'Eating'),
(393, 667, 'Asteraceae', 'Eucalyptus', 'Poisoning'),
(394, 699, 'Polygonaceae', 'Schefflera', 'Healing'),
(395, 151, 'Orchidaceae', 'Pleurothallis', 'Poisoning'),
(396, 134, 'Grossulariaceae', 'Oncidium', 'Eating'),
(397, 245, 'Poaceae', 'Pandanus', 'Healing'),
(398, 725, 'Fabaceae', 'Quercus', null),
(399, 672, 'Chenopodiaceae', 'Potentilla', 'Eating'),
(400, 400, 'Piperaceae', 'Carex', 'Healing'),
(401, 701, 'Asteraceae', 'Indigofera', 'Poisoning'),
(402, 419, 'Agavaceae', 'Lepanthes', 'Poisoning'),
(403, 75, 'Hydrophyllaceae', 'Cyperus', 'Poisoning'),
(404, 313, 'Loasaceae', 'Salvia', 'Healing'),
(405, 405, 'Salviniaceae', 'Ipomoea', null),
(406, 843, 'Asteraceae', 'Potentilla', 'Eating'),
(407, 550, 'Rosaceae', 'Senecio', 'Eating'),
(408, 679, 'Ulmaceae', 'Syzygium', null),
(409, 108, 'Trypetheliaceae', 'Psychotria', null),
(410, 651, 'Rubiaceae', 'Eugenia', null),
(411, 270, 'Fabaceae', 'Diospyros', null),
(412, 310, 'Asteraceae', 'Galium', null),
(413, 489, 'Equisetaceae', 'Ipomoea', 'Eating'),
(414, 315, 'Cyperaceae', 'Phyllanthus', 'Poisoning'),
(415, 690, 'Hymenophyllaceae', 'Panicum', 'Poisoning'),
(416, 416, 'Liliaceae', 'Vernonia', 'Healing'),
(417, 66, 'Convolvulaceae', 'Croton', 'Poisoning'),
(418, 350, 'Hymeneliaceae', 'Piper', 'Eating'),
(419, 251, 'Arthoniaceae', 'Pandanus', 'Healing'),
(420, 668, 'Asteraceae', 'Euphorbia', 'Poisoning'),
(421, 692, 'Rutaceae', 'Ardisia', 'Poisoning'),
(422, 185, 'Fabaceae', 'Miconia', 'Healing'),
(423, 630, 'Rosaceae', 'Anthurium', 'Eating'),
(424, 176, 'Scrophulariaceae', 'Cyperus', 'Healing'),
(425, 88, 'Rosaceae', 'Panicum', 'Eating'),
(426, 403, 'Rutaceae', 'Ixora', 'Eating'),
(427, 778, 'Cyperaceae', 'Silene', 'Eating'),
(428, 215, 'Asteraceae', 'Dioscorea', null),
(429, 40, 'Callicostaceae', 'Peperomia', 'Poisoning'),
(430, 741, 'Lythraceae', 'Acacia', 'Eating'),
(431, 431, 'Poaceae', 'Senecio', null),
(432, 387, 'Cactaceae', 'Piper', 'Poisoning'),
(433, 634, 'Ranunculaceae', 'Quercus', 'Eating'),
(434, 736, 'Poaceae', 'Ixora', 'Eating'),
(435, 18, 'Bryaceae', 'Ranunculus', 'Poisoning'),
(436, 436, 'Fabaceae', 'Ipomoea', 'Healing'),
(437, 306, 'Rubiaceae', 'Ipomoea', 'Eating'),
(438, 762, 'Graphidaceae', 'Pandanus', 'Poisoning'),
(439, 439, 'Polygonaceae', 'Cassia', 'Healing'),
(440, 840, 'Scrophulariaceae', 'Crotalaria', 'Eating'),
(441, 585, 'Asteraceae', 'Cyrtandra', 'Healing'),
(442, 626, 'Orchidaceae', 'Cyrtandra', 'Poisoning'),
(443, 708, 'Betulaceae', 'Quercus', 'Healing'),
(444, 826, 'Amblystegiaceae', 'Erica', 'Poisoning'),
(445, 719, 'Joinvilleaceae', 'Cassia', 'Eating'),
(446, 787, 'Lecanoraceae', 'Lepanthes', 'Healing'),
(447, 180, 'Brassicaceae', 'Impatiens', 'Eating'),
(448, 123, 'Peltigeraceae', 'Cyrtandra', 'Poisoning'),
(449, 244, 'Polygalaceae', 'Galium', null),
(450, 138, 'Caryophyllaceae', 'Begonia', null),
(451, 237, 'Aspleniaceae', 'Senecio', 'Poisoning'),
(452, 521, 'Pottiaceae', 'Psychotria', null),
(453, 674, 'Caryophyllaceae', 'Cyrtandra', 'Eating'),
(454, 631, 'Liliaceae', 'Senecio', null),
(455, 23, 'Orchidaceae', 'Carex', null),
(456, 228, 'Menispermaceae', 'Helichrysum', 'Poisoning'),
(457, 64, 'Myristicaceae', 'Phyllanthus', 'Healing'),
(458, 147, 'Asteraceae', 'Polygala', 'Poisoning'),
(459, 459, 'Solanaceae', 'Anthurium', 'Healing'),
(460, 271, 'Nyctaginaceae', 'Begonia', null),
(461, 461, 'Fabaceae', 'Bulbophyllum', null),
(462, 666, 'Dicksoniaceae', 'Oncidium', null),
(463, 443, 'Salicaceae', 'Anthurium', 'Eating'),
(464, 509, 'Poaceae', 'Justicia', 'Healing'),
(465, 465, 'Fabaceae', 'Anthurium', 'Eating'),
(466, 770, 'Parmeliaceae', 'Cyrtandra', 'Eating'),
(467, 467, 'Polygonaceae', 'Psychotria', 'Healing'),
(468, 10, 'Violaceae', 'Bulbophyllum', 'Poisoning'),
(469, 68, 'Acarosporaceae', 'Eria', 'Healing'),
(470, 782, 'Fabaceae', 'Ranunculus', 'Healing'),
(471, 754, 'Asteraceae', 'Cassia', 'Healing'),
(472, 472, 'Lamiaceae', 'Pandanus', 'Poisoning'),
(473, 46, 'Scrophulariaceae', 'Psychotria', 'Healing'),
(474, 657, 'Asteraceae', 'Crotalaria', 'Eating'),
(475, 475, 'Fabaceae', 'Epidendrum', 'Poisoning'),
(476, 822, 'Stereocaulaceae', 'Helichrysum', 'Poisoning'),
(477, 197, 'Iridaceae', 'Allium', 'Healing'),
(478, 423, 'Boraginaceae', 'Solanum', 'Eating'),
(479, 644, 'Opegraphaceae', 'Habenaria', 'Eating'),
(480, 19, 'Gesneriaceae', 'Justicia', 'Poisoning'),
(481, 714, 'Apiaceae', 'Carex', 'Healing'),
(482, 795, 'Rutaceae', 'Dioscorea', null),
(483, 422, 'Ramalinaceae', 'Ipomoea', 'Eating'),
(484, 588, 'Potamogetonaceae', 'Ardisia', 'Eating'),
(485, 189, 'Acanthaceae', 'Salvia', 'Eating'),
(486, 621, 'Polygonaceae', 'Panicum', 'Eating'),
(487, 302, 'Berberidaceae', 'Dendrobium', null),
(488, 14, 'Onagraceae', 'Panicum', 'Eating'),
(489, 304, 'Fabaceae', 'Cyrtandra', 'Poisoning'),
(490, 688, 'Peltulaceae', 'Eria', 'Healing'),
(491, 704, 'Cyperaceae', 'Ardisia', 'Healing'),
(492, 464, 'Poaceae', 'Oncidium', 'Healing'),
(493, 493, 'Onagraceae', 'Euphorbia', 'Poisoning'),
(494, 638, 'Liliaceae', 'Miconia', 'Eating'),
(495, 614, 'Fabaceae', 'Cyperus', 'Eating'),
(496, 279, 'Rosaceae', 'Panicum', 'Poisoning'),
(497, 262, 'Lecideaceae', 'Cyperus', 'Eating'),
(498, 418, 'Fabaceae', 'Bulbophyllum', null),
(499, 398, 'Poaceae', 'Lepanthes', null),
(500, 77, 'Fabaceae', 'Ranunculus', 'Poisoning'),
(501, 675, 'Ranunculaceae', 'Helichrysum', 'Poisoning'),
(502, 807, 'Verbenaceae', 'Diospyros', 'Eating'),
(503, 628, 'Polygonaceae', 'Carex', null),
(504, 504, 'Asteraceae', 'Indigofera', 'Eating'),
(505, 106, 'Apocynaceae', 'Ficus', null),
(506, 740, 'Boraginaceae', 'Lepanthes', 'Healing'),
(507, 600, 'Fabaceae', 'Panicum', 'Eating'),
(508, 213, 'Balsaminaceae', 'Eria', 'Healing'),
(509, 579, 'Solanaceae', 'Justicia', 'Poisoning'),
(510, 705, 'Lamiaceae', 'Quercus', 'Healing'),
(511, 96, 'Caryophyllaceae', 'Piper', 'Healing'),
(512, 627, 'Orchidaceae', 'Erica', 'Poisoning'),
(513, 208, 'Brachytheciaceae', 'Dioscorea', null),
(514, 514, 'Gentianaceae', 'Dioscorea', 'Eating'),
(515, 1, 'Fabaceae', 'Miconia', 'Poisoning'),
(516, 516, 'Lamiaceae', 'Solanum', 'Poisoning'),
(517, 28, 'Ranunculaceae', 'Allium', 'Eating'),
(518, 813, 'Liliaceae', 'Schefflera', null),
(519, 681, 'Asteraceae', 'Begonia', 'Eating'),
(520, 793, 'Caryophyllaceae', 'Quercus', 'Poisoning'),
(521, 839, 'Asteraceae', 'Galium', 'Healing'),
(522, 609, 'Stictidaceae', 'Syzygium', 'Eating'),
(523, 709, 'Malvaceae', 'Ranunculus', 'Eating'),
(524, 420, 'Pteridaceae', 'Ixora', 'Poisoning'),
(525, 828, 'Polygonaceae', 'Dioscorea', 'Poisoning'),
(526, 408, 'Baeomycetaceae', 'Croton', 'Healing'),
(527, 639, 'Euphorbiaceae', 'Psychotria', 'Healing'),
(528, 622, 'Asteraceae', 'Dioscorea', 'Poisoning'),
(529, 36, 'Combretaceae', 'Berberis', 'Eating'),
(530, 441, 'Orchidaceae', 'Carex', 'Eating'),
(531, 211, 'Geraniaceae', 'Phyllanthus', 'Poisoning'),
(532, 124, 'Rutaceae', 'Miconia', null),
(533, 533, 'Fabaceae', 'Ardisia', 'Eating'),
(534, 437, 'Brassicaceae', 'Ipomoea', 'Healing'),
(535, 308, 'Onagraceae', 'Ixora', 'Eating'),
(536, 559, 'Moraceae', 'Cassia', 'Eating'),
(537, 51, 'Acanthaceae', 'Pandanus', 'Eating'),
(538, 103, 'Rosaceae', 'Eucalyptus', 'Healing'),
(539, 535, 'Asteraceae', 'Bulbophyllum', 'Poisoning'),
(540, 590, 'Polemoniaceae', 'Bulbophyllum', 'Healing'),
(541, 541, 'Pottiaceae', 'Ixora', 'Poisoning'),
(542, 542, 'Cyperaceae', 'Epidendrum', 'Poisoning'),
(543, 97, 'Fabaceae', 'Centaurea', 'Eating'),
(544, 780, 'Orchidaceae', 'Indigofera', null),
(545, 697, 'Halymeniaceae', 'Schefflera', 'Healing'),
(546, 768, 'Solanaceae', 'Anthurium', 'Eating'),
(547, 547, 'Saxifragaceae', 'Ixora', 'Healing'),
(548, 324, 'Dioscoreaceae', 'Vernonia', 'Eating'),
(549, 336, 'Scrophulariaceae', 'Cousinia', 'Poisoning'),
(550, 57, 'Cyperaceae', 'Syzygium', 'Eating'),
(551, 806, 'Liliaceae', 'Cyperus', null),
(552, 823, 'Fabaceae', 'Begonia', null),
(553, 790, 'Rosaceae', 'Miconia', 'Eating'),
(554, 87, 'Fabaceae', 'Phyllanthus', 'Healing'),
(555, 183, 'Dryopteridaceae', 'Ranunculus', 'Eating'),
(556, 726, 'Verbenaceae', 'Polygala', 'Poisoning'),
(557, 557, 'Bignoniaceae', 'Diospyros', 'Eating'),
(558, 558, 'Malvaceae', 'Psychotria', 'Eating'),
(559, 524, 'Polemoniaceae', 'Anthurium', 'Eating'),
(560, 568, 'Scrophulariaceae', 'Salvia', 'Poisoning'),
(561, 303, 'Asteraceae', 'Centaurea', 'Poisoning'),
(562, 739, 'Lamiaceae', 'Cyperus', 'Poisoning'),
(563, 331, 'Pottiaceae', 'Panicum', 'Eating'),
(564, 143, 'Sterculiaceae', 'Ipomoea', 'Poisoning'),
(565, 565, 'Caryophyllaceae', 'Berberis', 'Eating'),
(566, 523, 'Coniocybaceae', 'Pleurothallis', 'Healing'),
(567, 113, 'Sapindaceae', 'Indigofera', 'Healing'),
(568, 373, 'Viscaceae', 'Phyllanthus', 'Eating'),
(569, 580, 'Fabaceae', 'Ardisia', 'Poisoning'),
(570, 384, 'Najadaceae', 'Berberis', 'Eating'),
(571, 65, 'Cupressaceae', 'Epidendrum', 'Eating'),
(572, 530, 'Amaranthaceae', 'Justicia', null),
(573, 307, 'Lichinaceae', 'Crotalaria', 'Eating'),
(574, 574, 'Gesneriaceae', 'Eugenia', null),
(575, 282, 'Asteraceae', 'Ficus', null),
(576, 712, 'Potamogetonaceae', 'Quercus', 'Poisoning'),
(577, 323, 'Scrophulariaceae', 'Habenaria', 'Poisoning'),
(578, 645, 'Rosaceae', 'Helichrysum', 'Poisoning'),
(579, 744, 'Rubiaceae', 'Peperomia', 'Eating'),
(580, 567, 'Iridaceae', 'Panicum', 'Poisoning'),
(581, 135, 'Balsaminaceae', 'Justicia', 'Healing'),
(582, 555, 'Fabaceae', 'Allium', 'Eating'),
(583, 105, 'Poaceae', 'Salvia', 'Healing'),
(584, 584, 'Brassicaceae', 'Vernonia', null),
(585, 824, 'Thelypteridaceae', 'Astragalus', 'Healing'),
(586, 483, 'Fabaceae', 'Begonia', 'Healing'),
(587, 827, 'Cactaceae', 'Allium', 'Eating'),
(588, 399, 'Iridaceae', 'Oxalis', null),
(589, 837, 'Rubiaceae', 'Acacia', 'Poisoning'),
(590, 730, 'Cyperaceae', 'Oncidium', 'Eating'),
(591, 474, 'Aspleniaceae', 'Euphorbia', 'Poisoning'),
(592, 561, 'Lamiaceae', 'Ixora', 'Eating'),
(593, 593, 'Asteraceae', 'Indigofera', 'Poisoning'),
(594, 205, 'Polytrichaceae', 'Allium', 'Poisoning'),
(595, 129, 'Fabaceae', 'Lepanthes', 'Poisoning'),
(596, 564, 'Asteraceae', 'Galium', null),
(597, 597, 'Campanulaceae', 'Piper', 'Healing'),
(598, 560, 'Melastomataceae', 'Carex', 'Healing'),
(599, 451, 'Boraginaceae', 'Eria', 'Poisoning'),
(600, 458, 'Orchidaceae', 'Indigofera', 'Poisoning'),
(601, 229, 'Saxifragaceae', 'Cassia', 'Healing'),
(602, 142, 'Cyperaceae', 'Diospyros', 'Eating'),
(603, 90, 'Scrophulariaceae', 'Cassia', 'Poisoning'),
(604, 686, 'Pannariaceae', 'Quercus', 'Poisoning'),
(605, 536, 'Arecaceae', 'Pandanus', 'Eating'),
(606, 661, 'Cucurbitaceae', 'Lepanthes', 'Healing'),
(607, 695, 'Ericaceae', 'Peperomia', null),
(608, 101, 'Campanulaceae', 'Senecio', 'Poisoning'),
(609, 817, 'Apocynaceae', 'Oncidium', 'Poisoning'),
(610, 294, 'Oxalidaceae', 'Polygala', 'Eating'),
(611, 230, 'Cyperaceae', 'Cousinia', 'Healing'),
(612, 426, 'Brassicaceae', 'Berberis', 'Eating'),
(613, 133, 'Asteraceae', 'Eucalyptus', 'Healing'),
(614, 794, 'Rubiaceae', 'Centaurea', null),
(615, 425, 'Andreaeaceae', 'Vernonia', null),
(616, 200, 'Parmeliaceae', 'Habenaria', 'Healing'),
(617, 161, 'Oxalidaceae', 'Impatiens', 'Eating'),
(618, 480, 'Apiaceae', 'Ficus', 'Healing'),
(619, 619, 'Lamiaceae', 'Eugenia', 'Healing'),
(620, 527, 'Asteraceae', 'Erica', null),
(621, 139, 'Polygalaceae', 'Panicum', 'Poisoning'),
(622, 613, 'Cornaceae', 'Helichrysum', 'Poisoning'),
(623, 728, 'Theaceae', 'Ardisia', null),
(624, 761, 'Cyperaceae', 'Piper', 'Poisoning'),
(625, 163, 'Juncaceae', 'Cassia', null),
(626, 404, 'Orobanchaceae', 'Pandanus', 'Eating'),
(627, 397, 'Monoblastiaceae', 'Dioscorea', 'Eating'),
(628, 31, 'Haematommataceae', 'Psychotria', 'Poisoning'),
(629, 37, 'Ephemeraceae', 'Oxalis', 'Healing'),
(630, 292, 'Euphorbiaceae', 'Astragalus', 'Poisoning'),
(631, 276, 'Poaceae', 'Diospyros', 'Healing'),
(632, 55, 'Euphorbiaceae', 'Begonia', 'Eating'),
(633, 633, 'Aspleniaceae', 'Lepanthes', 'Eating'),
(634, 27, 'Ericaceae', 'Syzygium', null),
(635, 635, 'Caprifoliaceae', 'Oncidium', 'Eating'),
(636, 100, 'Clusiaceae', 'Cousinia', 'Eating'),
(637, 637, 'Portulacaceae', 'Lepanthes', null),
(638, 466, 'Urticaceae', 'Oncidium', 'Eating'),
(639, 429, 'Loganiaceae', 'Cassia', null),
(640, 220, 'Iridaceae', 'Oncidium', 'Healing'),
(641, 179, 'Lichinaceae', 'Helichrysum', 'Poisoning'),
(642, 381, 'Sapindaceae', 'Salvia', 'Poisoning'),
(643, 104, 'Sphagnaceae', 'Astragalus', 'Healing'),
(644, 594, 'Combretaceae', 'Solanum', 'Poisoning'),
(645, 233, 'Fabaceae', 'Crotalaria', 'Poisoning'),
(646, 799, 'Fabaceae', 'Acacia', 'Healing'),
(647, 647, 'Poaceae', 'Panicum', 'Eating'),
(648, 648, 'Polygonaceae', 'Oxalis', 'Poisoning'),
(649, 812, 'Asclepiadaceae', 'Dioscorea', null),
(650, 252, 'Lauraceae', 'Euphorbia', 'Eating'),
(651, 789, 'Cyperaceae', 'Ficus', null),
(652, 111, 'Pannariaceae', 'Galium', null),
(653, 449, 'Lamiaceae', 'Bulbophyllum', 'Eating'),
(654, 370, 'Oleaceae', 'Acacia', 'Healing'),
(655, 70, 'Polygonaceae', 'Ardisia', 'Eating'),
(656, 469, 'Polygalaceae', 'Ipomoea', 'Eating'),
(657, 202, 'Liliaceae', 'Silene', 'Poisoning'),
(658, 563, 'Dipsacaceae', 'Quercus', 'Healing'),
(659, 833, 'Polygonaceae', 'Begonia', 'Healing'),
(660, 570, 'Caprifoliaceae', 'Eria', 'Eating'),
(661, 273, 'Anacardiaceae', 'Epidendrum', 'Poisoning'),
(662, 340, 'Ulmaceae', 'Justicia', 'Eating'),
(663, 290, 'Salicaceae', 'Euphorbia', 'Healing'),
(664, 172, 'Potamogetonaceae', 'Potentilla', 'Healing'),
(665, 131, 'Cyperaceae', 'Helichrysum', 'Healing'),
(666, 643, 'Pottiaceae', 'Bulbophyllum', 'Eating'),
(667, 506, 'Scrophulariaceae', 'Eria', 'Poisoning'),
(668, 206, 'Rutaceae', 'Habenaria', 'Poisoning'),
(669, 749, 'Fabaceae', 'Diospyros', 'Poisoning'),
(670, 301, 'Polemoniaceae', 'Ficus', 'Poisoning'),
(671, 517, 'Apiaceae', 'Schefflera', null),
(672, 130, 'Marantaceae', 'Justicia', null),
(673, 526, 'Caryophyllaceae', 'Anthurium', null),
(674, 312, 'Fabaceae', 'Croton', 'Eating'),
(675, 120, 'Violaceae', 'Begonia', 'Eating'),
(676, 280, 'Fabaceae', 'Helichrysum', null),
(677, 275, 'Betulaceae', 'Epidendrum', null),
(678, 415, 'Acarosporaceae', 'Schefflera', 'Healing'),
(679, 366, 'Asteraceae', 'Polygala', 'Healing'),
(680, 611, 'Euphorbiaceae', 'Anthurium', 'Poisoning'),
(681, 293, 'Agavaceae', 'Quercus', 'Eating'),
(682, 453, 'Poaceae', 'Ipomoea', 'Eating'),
(683, 548, 'Fabaceae', 'Croton', 'Eating'),
(684, 43, 'Gentianaceae', 'Ficus', 'Poisoning'),
(685, 92, 'Onagraceae', 'Oxalis', 'Poisoning'),
(686, 539, 'Gyalectaceae', 'Crotalaria', 'Eating'),
(687, 763, 'Cyperaceae', 'Eria', 'Poisoning'),
(688, 540, 'Asteraceae', 'Oxalis', 'Eating'),
(689, 689, 'Asteraceae', 'Ranunculus', 'Poisoning'),
(690, 731, 'Malpighiaceae', 'Cyrtandra', 'Healing'),
(691, 417, 'Scrophulariaceae', 'Ixora', null),
(692, 810, 'Euphorbiaceae', 'Solanum', 'Eating'),
(693, 204, 'Asteraceae', 'Cassia', 'Eating'),
(694, 267, 'Juncaceae', 'Miconia', null),
(695, 388, 'Scrophulariaceae', 'Miconia', null),
(696, 444, 'Ranunculaceae', 'Peperomia', null),
(697, 67, 'Rosaceae', 'Euphorbia', 'Poisoning'),
(698, 284, 'Melastomataceae', 'Schefflera', 'Poisoning'),
(699, 432, 'Fabaceae', 'Helichrysum', 'Poisoning'),
(700, 203, 'Scrophulariaceae', 'Bulbophyllum', 'Poisoning'),
(701, 841, 'Dryopteridaceae', 'Galium', 'Eating'),
(702, 776, 'Teloschistaceae', 'Anthurium', 'Eating'),
(703, 773, 'Poaceae', 'Croton', 'Eating'),
(704, 625, 'Fabaceae', 'Dioscorea', null),
(705, 428, 'Poaceae', 'Ficus', 'Poisoning'),
(706, 706, 'Physciaceae', 'Cyperus', 'Eating'),
(707, 707, 'Orchidaceae', 'Syzygium', 'Eating'),
(708, 755, 'Caryophyllaceae', 'Cassia', null),
(709, 572, 'Asteraceae', 'Croton', null),
(710, 84, 'Cyperaceae', 'Psychotria', 'Eating'),
(711, 711, 'Osmundaceae', 'Polygala', 'Poisoning'),
(712, 576, 'Poaceae', 'Diospyros', 'Poisoning'),
(713, 636, 'Orchidaceae', 'Galium', 'Eating'),
(714, 582, 'Leskeaceae', 'Impatiens', 'Healing'),
(715, 372, 'Liliaceae', 'Dioscorea', 'Eating'),
(716, 716, 'Fagaceae', 'Begonia', 'Healing'),
(717, 717, 'Orchidaceae', 'Oxalis', 'Poisoning'),
(718, 153, 'Myrtaceae', 'Crotalaria', 'Eating'),
(719, 296, 'Lecideaceae', 'Helichrysum', 'Healing'),
(720, 842, 'Magnoliaceae', 'Piper', 'Poisoning'),
(721, 72, 'Fabaceae', 'Rhododendron', 'Healing'),
(722, 838, 'Poaceae', 'Crotalaria', 'Eating'),
(723, 58, 'Onagraceae', 'Potentilla', 'Poisoning'),
(724, 703, 'Linaceae', 'Cyperus', 'Eating'),
(725, 803, 'Hippocastanaceae', 'Senecio', 'Healing'),
(726, 125, 'Cactaceae', 'Syzygium', null),
(727, 727, 'Ericaceae', 'Vernonia', 'Poisoning'),
(728, 532, 'Rubiaceae', 'Psychotria', 'Eating'),
(729, 396, 'Sphagnaceae', 'Rhododendron', 'Poisoning'),
(730, 326, 'Cupressaceae', 'Cousinia', 'Eating'),
(731, 207, 'Poaceae', 'Epidendrum', 'Eating'),
(732, 743, 'Rutaceae', 'Oncidium', null),
(733, 395, 'Oleaceae', 'Panicum', null),
(734, 734, 'Ranunculaceae', 'Galium', 'Eating'),
(735, 261, 'Hydrophyllaceae', 'Eugenia', 'Poisoning'),
(736, 21, 'Melastomataceae', 'Polygala', 'Eating'),
(737, 85, 'Cladoniaceae', 'Eugenia', 'Healing'),
(738, 175, 'Cuscutaceae', 'Psychotria', 'Healing'),
(739, 664, 'Clusiaceae', 'Oncidium', 'Healing'),
(740, 42, 'Marantaceae', 'Erica', 'Healing'),
(741, 624, 'Cyperaceae', 'Polygala', 'Eating'),
(742, 385, 'Pterigynandraceae', 'Vernonia', null),
(743, 515, 'Ranunculaceae', 'Syzygium', 'Eating'),
(744, 811, 'Asteraceae', 'Erica', null),
(745, 554, 'Scrophulariaceae', 'Berberis', 'Eating'),
(746, 746, 'Celastraceae', 'Ficus', 'Eating'),
(747, 318, 'Sphagnaceae', 'Syzygium', 'Poisoning'),
(748, 545, 'Pinaceae', 'Diospyros', null),
(749, 285, 'Brassicaceae', 'Erica', 'Eating'),
(750, 522, 'Brassicaceae', 'Helichrysum', 'Poisoning'),
(751, 438, 'Sapotaceae', 'Polygala', 'Poisoning'),
(752, 687, 'Lamiaceae', 'Quercus', 'Poisoning'),
(753, 333, 'Limnanthaceae', 'Dendrobium', 'Eating'),
(754, 513, 'Liliaceae', 'Allium', 'Healing'),
(755, 442, 'Cuscutaceae', 'Berberis', 'Healing'),
(756, 756, 'Cyperaceae', 'Epidendrum', 'Eating'),
(757, 757, 'Pteridaceae', 'Ixora', 'Healing'),
(758, 589, 'Rubiaceae', 'Eucalyptus', null),
(759, 352, 'Fabaceae', 'Quercus', 'Eating'),
(760, 760, 'Oleaceae', 'Impatiens', 'Eating'),
(761, 393, 'Caryophyllaceae', 'Euphorbia', 'Healing'),
(762, 305, 'Poaceae', 'Oncidium', 'Eating'),
(763, 198, 'Fabaceae', 'Miconia', null),
(764, 146, 'Crassulaceae', 'Crotalaria', null),
(765, 765, 'Hydrophyllaceae', 'Allium', null),
(766, 766, 'Acanthaceae', 'Galium', null),
(767, 264, 'Cyperaceae', 'Potentilla', null),
(768, 231, 'Asteraceae', 'Cousinia', 'Eating'),
(769, 41, 'Euphorbiaceae', 'Rhododendron', 'Eating'),
(770, 715, 'Fabaceae', 'Dendrobium', 'Eating'),
(771, 71, 'Parmeliaceae', 'Ficus', 'Healing'),
(772, 721, 'Cactaceae', 'Pandanus', null),
(773, 617, 'Fabaceae', 'Bulbophyllum', 'Eating'),
(774, 774, 'Micareaceae', 'Silene', 'Healing'),
(775, 775, 'Fabaceae', 'Crotalaria', 'Eating'),
(776, 99, 'Fabaceae', 'Quercus', null),
(777, 177, 'Fissidentaceae', 'Quercus', 'Eating'),
(778, 162, 'Rosaceae', 'Potentilla', 'Eating'),
(779, 779, 'Asteraceae', 'Polygala', 'Healing'),
(780, 5, 'Violaceae', 'Senecio', null),
(781, 781, 'Poaceae', 'Peperomia', null),
(782, 652, 'Asteraceae', 'Ranunculus', 'Eating'),
(783, 365, 'Ericaceae', 'Phyllanthus', null),
(784, 8, 'Campanulaceae', 'Diospyros', 'Poisoning'),
(785, 32, 'Fabaceae', 'Oncidium', 'Poisoning'),
(786, 742, 'Menyanthaceae', 'Eugenia', 'Eating'),
(787, 581, 'Poaceae', 'Silene', 'Poisoning'),
(788, 562, 'Caprifoliaceae', 'Allium', 'Poisoning'),
(789, 659, 'Lythraceae', 'Ixora', 'Healing'),
(790, 519, 'Oleaceae', 'Euphorbia', 'Poisoning'),
(791, 764, 'Asteraceae', 'Salvia', null),
(792, 751, 'Poaceae', 'Piper', 'Eating'),
(793, 683, 'Fabaceae', 'Panicum', 'Eating'),
(794, 777, 'Scrophulariaceae', 'Croton', 'Eating'),
(795, 653, 'Piperaceae', 'Pandanus', null),
(796, 327, 'Micareaceae', 'Cassia', 'Eating'),
(797, 13, 'Juglandaceae', 'Epidendrum', null),
(798, 268, 'Apiaceae', 'Pandanus', 'Healing'),
(799, 341, 'Fabaceae', 'Vernonia', 'Healing'),
(800, 359, 'Poaceae', 'Ipomoea', 'Eating'),
(801, 174, 'Anacardiaceae', 'Panicum', 'Eating'),
(802, 269, 'Dryopteridaceae', 'Helichrysum', 'Eating'),
(803, 640, 'Poaceae', 'Oncidium', 'Healing'),
(804, 792, 'Asteraceae', 'Oncidium', null),
(805, 805, 'Poaceae', 'Euphorbia', 'Eating'),
(806, 236, 'Fabaceae', 'Galium', null),
(807, 363, 'Asteraceae', 'Eria', 'Healing'),
(808, 520, 'Ruppiaceae', 'Impatiens', 'Poisoning'),
(809, 187, 'Myrtaceae', 'Panicum', 'Eating'),
(810, 401, 'Poaceae', 'Eugenia', 'Healing'),
(811, 360, 'Grossulariaceae', 'Vernonia', 'Healing'),
(812, 332, 'Cyperaceae', 'Centaurea', 'Healing'),
(813, 238, 'Acarosporaceae', 'Habenaria', 'Poisoning'),
(814, 209, 'Fissidentaceae', 'Peperomia', 'Poisoning'),
(815, 295, 'Aspleniaceae', 'Berberis', 'Eating'),
(816, 816, 'Caryophyllaceae', 'Polygala', 'Healing'),
(817, 496, 'Asteraceae', 'Miconia', 'Poisoning'),
(818, 759, 'Arecaceae', 'Senecio', null),
(819, 525, 'Poaceae', 'Panicum', null),
(820, 669, 'Campanulaceae', 'Berberis', 'Poisoning'),
(821, 152, 'Fagaceae', 'Peperomia', 'Eating'),
(822, 330, 'Pottiaceae', 'Justicia', 'Eating'),
(823, 468, 'Scrophulariaceae', 'Phyllanthus', 'Poisoning'),
(824, 456, 'Potamogetonaceae', 'Senecio', 'Eating'),
(825, 733, 'Solanaceae', 'Senecio', 'Healing'),
(826, 618, 'Sapindaceae', 'Justicia', 'Poisoning'),
(827, 117, 'Rosaceae', 'Senecio', 'Healing'),
(828, 274, 'Asteraceae', 'Anthurium', 'Eating'),
(829, 212, 'Commelinaceae', 'Syzygium', 'Poisoning'),
(830, 569, 'Fumariaceae', 'Salvia', 'Healing'),
(831, 831, 'Polytrichaceae', 'Euphorbia', 'Eating'),
(832, 481, 'Scrophulariaceae', 'Senecio', 'Healing'),
(833, 217, 'Poaceae', 'Anthurium', 'Eating'),
(834, 345, 'Lentibulariaceae', 'Euphorbia', null),
(835, 12, 'Lecanoraceae', 'Bulbophyllum', null),
(836, 836, 'Salicaceae', 'Acacia', 'Healing'),
(837, 694, 'Scrophulariaceae', 'Erica', null),
(838, 771, 'Droseraceae', 'Psychotria', null),
(839, 502, 'Polemoniaceae', 'Cyperus', null),
(840, 140, 'Saxifragaceae', 'Silene', 'Poisoning'),
(841, 602, 'Caprifoliaceae', 'Quercus', 'Eating'),
(842, 157, 'Capparaceae', 'Miconia', 'Eating'),
(843, 650, 'Poaceae', 'Rhododendron', 'Poisoning'),
(844, 804, 'Pinaceae', 'Cousinia', 'Eating'),
(845, 632, 'Placynthiaceae', 'Anthurium', 'Poisoning'),
(846, 846, 'Brassicaceae', 'Croton', 'Eating');

INSERT INTO plants_orders (plant_id, order_id) VALUES 
(603, 787),
(161, 743),
(530, 717),
(457, 778),
(701, 756),
(422, 369),
(102, 590),
(360, 542),
(135, 532),
(656, 756),
(678, 641),
(668, 120),
(609, 543),
(107, 344),
(421, 232),
(359, 195),
(120, 513),
(74, 371),
(499, 905),
(34, 482),
(181, 521),
(433, 316),
(249, 433),
(587, 429),
(11, 888),
(242, 294),
(331, 21),
(156, 32),
(20, 410),
(352, 257),
(368, 761),
(269, 345),
(725, 915),
(493, 740),
(750, 339),
(235, 858),
(629, 209),
(479, 791),
(453, 583),
(686, 475),
(345, 789),
(228, 231),
(537, 153),
(554, 210),
(67, 725),
(340, 190),
(311, 829),
(213, 206),
(138, 584),
(58, 264),
(140, 157),
(602, 669),
(613, 31),
(531, 912),
(306, 664),
(393, 264),
(458, 450),
(31, 382),
(82, 86),
(168, 112),
(27, 402),
(349, 783),
(509, 189),
(62, 380),
(77, 206),
(102, 211),
(212, 747),
(640, 115),
(219, 216),
(101, 441),
(673, 349),
(227, 586),
(79, 495),
(497, 305),
(83, 264),
(562, 239),
(744, 313),
(692, 225),
(244, 692),
(74, 78),
(654, 17),
(294, 744),
(324, 404),
(649, 441),
(39, 490),
(589, 426),
(612, 134),
(202, 764),
(513, 23),
(735, 895),
(176, 584),
(583, 545),
(623, 806),
(373, 160),
(72, 239),
(299, 868),
(517, 691),
(255, 376),
(115, 536),
(648, 657),
(384, 729),
(723, 915),
(337, 679),
(292, 553),
(476, 15),
(460, 352),
(692, 231),
(350, 671),
(448, 63),
(248, 115),
(398, 705),
(654, 595),
(184, 187),
(377, 158),
(352, 490),
(406, 130),
(577, 75),
(148, 40),
(267, 343),
(304, 45),
(653, 652),
(688, 409),
(479, 59),
(41, 183),
(391, 683),
(405, 890),
(422, 408),
(263, 474),
(152, 389),
(425, 259),
(398, 548),
(248, 910),
(259, 618),
(622, 642),
(197, 352),
(318, 306),
(384, 399),
(74, 105),
(224, 142),
(673, 769),
(147, 71),
(181, 730),
(459, 380),
(601, 8),
(256, 104),
(379, 39),
(659, 411),
(575, 410),
(20, 624),
(339, 426),
(161, 597),
(613, 100),
(542, 827),
(308, 153),
(32, 251),
(636, 97),
(198, 26),
(408, 201),
(151, 672),
(475, 104),
(26, 361),
(395, 363),
(541, 14),
(134, 815),
(61, 60),
(194, 670),
(5, 317),
(342, 575),
(242, 169),
(334, 711),
(662, 223),
(724, 543),
(600, 263),
(490, 169),
(218, 786),
(102, 440),
(322, 278),
(189, 888),
(481, 396),
(568, 449),
(113, 845),
(344, 5),
(254, 24),
(406, 292),
(119, 777),
(305, 539),
(65, 908),
(61, 129),
(570, 706),
(518, 581),
(294, 864),
(194, 369),
(354, 532),
(467, 611),
(683, 917),
(354, 690),
(512, 114),
(705, 239),
(607, 465),
(263, 100),
(52, 652),
(73, 566),
(343, 811),
(147, 321),
(17, 91),
(678, 623),
(382, 830),
(271, 349),
(460, 502),
(283, 327),
(325, 821),
(532, 706),
(315, 855),
(198, 845),
(278, 128),
(422, 548),
(514, 120),
(84, 601),
(258, 623),
(63, 124),
(547, 361),
(70, 334),
(115, 252),
(235, 165),
(101, 915),
(490, 500),
(170, 186),
(641, 455),
(630, 43),
(189, 543),
(428, 67),
(400, 791),
(535, 125),
(452, 629),
(115, 23),
(67, 744),
(83, 652),
(306, 792),
(181, 540),
(580, 340),
(598, 900),
(396, 263),
(685, 744),
(463, 361),
(98, 494),
(697, 585),
(746, 297),
(747, 900),
(448, 257),
(281, 11),
(183, 885),
(165, 640),
(519, 392),
(290, 302),
(567, 454),
(282, 237),
(657, 507),
(580, 281),
(407, 634),
(269, 513),
(713, 264),
(327, 283),
(749, 891),
(545, 98),
(744, 19),
(93, 405),
(46, 281),
(724, 87),
(240, 544),
(26, 222),
(7, 21),
(424, 822),
(297, 2),
(614, 49),
(329, 177),
(457, 413),
(701, 434),
(231, 527),
(228, 898),
(749, 271),
(205, 357),
(373, 92),
(641, 378),
(116, 839),
(296, 775),
(480, 839),
(425, 809),
(109, 203),
(393, 765),
(172, 757),
(400, 597),
(84, 823),
(212, 342),
(721, 560),
(505, 748),
(487, 152),
(489, 738),
(368, 523),
(80, 6),
(554, 214),
(156, 166),
(228, 662),
(200, 925),
(39, 755),
(655, 878),
(73, 91),
(171, 429),
(37, 127),
(5, 46),
(268, 493),
(657, 389),
(97, 767),
(629, 655),
(33, 226),
(699, 665),
(612, 601),
(233, 477),
(569, 121),
(111, 812),
(712, 533),
(458, 667),
(432, 532),
(378, 110),
(162, 559),
(130, 226),
(621, 49),
(330, 421),
(516, 402),
(545, 632),
(210, 756),
(449, 65),
(60, 783),
(335, 550),
(725, 96),
(563, 422),
(18, 482),
(534, 556),
(162, 352),
(24, 918),
(403, 462),
(611, 480),
(428, 52),
(133, 108),
(25, 166),
(627, 620),
(264, 297),
(534, 823),
(452, 830),
(168, 41),
(4, 558),
(527, 621),
(10, 871),
(665, 426),
(452, 391),
(735, 698),
(347, 339),
(532, 353),
(330, 459),
(274, 430),
(272, 733),
(514, 785),
(27, 659),
(92, 689),
(679, 365),
(239, 299),
(299, 496),
(244, 93),
(550, 582),
(469, 383),
(99, 249),
(33, 154),
(379, 68),
(230, 576),
(61, 633),
(398, 909),
(509, 860),
(650, 65),
(17, 782),
(533, 602),
(477, 113),
(28, 574),
(489, 331),
(732, 489),
(398, 74),
(700, 823),
(31, 558),
(455, 548),
(114, 514),
(425, 470),
(271, 801),
(510, 273),
(623, 570),
(340, 898),
(190, 593),
(723, 613),
(450, 178),
(669, 44),
(276, 73),
(514, 1),
(374, 832),
(533, 819),
(189, 84),
(214, 331),
(654, 877),
(143, 173),
(413, 877),
(712, 127),
(589, 293),
(51, 501),
(100, 5),
(3, 342),
(427, 372),
(643, 594),
(113, 266),
(600, 350),
(207, 189),
(661, 737),
(436, 917),
(85, 733),
(304, 444),
(465, 130),
(35, 612),
(184, 280),
(730, 793),
(339, 898),
(528, 433),
(475, 761),
(395, 149),
(541, 867),
(430, 875),
(433, 719),
(722, 656),
(102, 34),
(494, 447),
(592, 304),
(647, 779),
(423, 420),
(198, 727),
(660, 731),
(360, 915),
(704, 906),
(582, 409),
(286, 535),
(563, 373),
(507, 4),
(750, 219),
(374, 264),
(410, 475),
(505, 580),
(600, 70),
(67, 85),
(205, 641),
(211, 262),
(440, 56),
(315, 209),
(108, 897),
(709, 407),
(656, 444),
(7, 789),
(267, 103),
(492, 712),
(628, 701),
(750, 711),
(213, 413),
(411, 745),
(220, 595),
(662, 459),
(243, 737),
(365, 190),
(398, 269),
(407, 133),
(245, 870),
(69, 225),
(454, 908),
(516, 60),
(669, 57),
(13, 892),
(645, 4),
(554, 239),
(429, 206),
(133, 502),
(649, 45),
(554, 21),
(738, 386),
(184, 491),
(351, 195),
(359, 319),
(608, 760),
(430, 822),
(573, 415),
(369, 696),
(163, 504),
(149, 758),
(174, 752),
(556, 546),
(701, 446),
(361, 502),
(96, 235),
(296, 316),
(86, 418),
(82, 629),
(128, 122),
(313, 524),
(266, 469),
(468, 311),
(480, 529),
(34, 159),
(92, 894),
(248, 709),
(359, 404),
(334, 168),
(472, 525),
(739, 38),
(497, 484),
(495, 919),
(570, 81),
(500, 893),
(563, 49),
(149, 201),
(648, 109),
(654, 504),
(376, 106),
(137, 96),
(577, 320),
(124, 549),
(552, 241),
(548, 753),
(395, 547),
(351, 95),
(374, 787),
(351, 903),
(454, 542),
(70, 545),
(562, 471),
(597, 599),
(748, 798),
(720, 794),
(561, 926),
(374, 609),
(614, 151),
(463, 735),
(593, 507),
(383, 554),
(157, 319),
(681, 453),
(354, 61),
(378, 528),
(546, 373),
(656, 275),
(637, 743),
(494, 226),
(174, 828),
(96, 629),
(412, 519),
(652, 330),
(565, 804),
(379, 655),
(280, 740),
(296, 107),
(271, 891),
(514, 614),
(124, 260),
(481, 540),
(153, 797),
(346, 918),
(29, 40),
(1, 784),
(133, 521),
(382, 656),
(96, 656),
(51, 729),
(370, 596),
(341, 892),
(524, 115),
(111, 668),
(70, 589),
(332, 319),
(651, 776),
(228, 535),
(262, 584),
(433, 778),
(541, 685),
(251, 654),
(506, 183),
(407, 413),
(94, 199),
(318, 160),
(676, 621),
(337, 400),
(588, 596),
(627, 215),
(98, 880),
(351, 586),
(253, 696),
(24, 479),
(298, 904),
(489, 420),
(746, 642),
(493, 56),
(397, 487),
(341, 396),
(281, 789),
(124, 59),
(659, 545),
(406, 276),
(221, 147),
(233, 4),
(447, 363),
(679, 828),
(274, 440),
(205, 852),
(77, 563),
(94, 258),
(510, 144),
(548, 10),
(196, 333),
(489, 227),
(560, 108),
(392, 101),
(739, 482),
(591, 37),
(252, 892),
(645, 536),
(6, 346),
(579, 349),
(629, 553),
(158, 861),
(58, 381),
(525, 302),
(554, 635),
(237, 82),
(728, 305),
(483, 717),
(361, 570),
(469, 669),
(243, 137),
(76, 145),
(532, 582),
(47, 369),
(695, 25),
(613, 340),
(291, 567),
(566, 832),
(164, 396),
(133, 198),
(169, 133),
(675, 863),
(114, 530),
(265, 839),
(202, 835),
(298, 519),
(685, 497),
(15, 232),
(285, 439),
(114, 869),
(458, 496),
(557, 236),
(119, 776),
(78, 149),
(484, 656),
(72, 375),
(436, 3),
(158, 308),
(269, 882),
(713, 540),
(192, 551),
(457, 870),
(255, 48),
(726, 881),
(477, 381),
(19, 278),
(524, 173),
(711, 915),
(214, 794),
(592, 773),
(678, 379),
(296, 360),
(389, 724),
(639, 830),
(745, 387),
(187, 62),
(199, 5),
(190, 446),
(744, 308),
(249, 298),
(298, 663),
(223, 28),
(658, 782),
(178, 607),
(120, 170),
(530, 911),
(177, 369),
(431, 324),
(186, 901),
(167, 759),
(278, 403),
(706, 87),
(349, 85),
(248, 691),
(394, 400),
(341, 551),
(468, 681),
(721, 172),
(240, 706),
(565, 104),
(157, 806),
(259, 619),
(186, 312),
(135, 156),
(315, 66),
(378, 131),
(742, 608),
(226, 40),
(537, 554),
(146, 671),
(287, 110),
(313, 525),
(25, 241),
(389, 235),
(454, 493),
(473, 867),
(413, 500),
(397, 3),
(3, 11),
(323, 65),
(123, 256),
(462, 166),
(712, 360),
(206, 699),
(446, 751),
(272, 346),
(728, 38),
(60, 157),
(480, 503),
(88, 243),
(386, 71),
(258, 589),
(146, 504),
(463, 817),
(90, 164),
(167, 180),
(109, 222),
(417, 219),
(625, 837),
(656, 55),
(688, 675),
(478, 635),
(444, 255),
(676, 370),
(159, 430),
(72, 298),
(265, 437),
(518, 9),
(383, 227),
(41, 629),
(213, 711),
(566, 216),
(672, 107),
(424, 678),
(243, 728),
(217, 464),
(733, 36),
(703, 900),
(218, 162),
(305, 760),
(36, 295),
(445, 79),
(2, 600),
(624, 916),
(463, 805),
(450, 13),
(131, 776),
(344, 790),
(269, 921),
(158, 11),
(253, 251),
(285, 897),
(549, 713),
(730, 188),
(331, 12),
(699, 777),
(70, 203),
(411, 789),
(320, 859),
(405, 178),
(27, 361),
(522, 456),
(520, 355),
(542, 696),
(676, 693),
(345, 321),
(726, 869),
(375, 317),
(48, 894),
(36, 29),
(679, 914),
(522, 321),
(714, 633),
(292, 574),
(670, 881),
(430, 726),
(588, 618),
(320, 414),
(667, 917),
(30, 505),
(300, 901),
(363, 68),
(708, 531),
(676, 609),
(544, 452),
(72, 88),
(415, 598),
(416, 747),
(292, 455),
(396, 192),
(286, 536),
(116, 478),
(412, 63),
(161, 584),
(172, 327),
(11, 246),
(111, 22),
(321, 630),
(486, 254),
(279, 23),
(212, 470),
(212, 534),
(65, 295),
(591, 69),
(340, 219),
(453, 717),
(176, 422),
(127, 730),
(471, 234),
(729, 460),
(622, 787),
(348, 585),
(67, 164),
(489, 866),
(539, 721),
(746, 89),
(15, 241),
(18, 114),
(504, 743),
(445, 821),
(350, 712),
(452, 210),
(338, 746),
(527, 545),
(600, 573),
(635, 231),
(62, 17),
(76, 858),
(408, 488),
(537, 578),
(414, 107),
(142, 34),
(340, 156),
(568, 264),
(486, 497),
(706, 539),
(525, 303),
(417, 15),
(179, 154),
(708, 580),
(31, 340),
(31, 363),
(380, 240),
(571, 286),
(606, 618),
(641, 260),
(537, 519),
(217, 129),
(125, 901),
(300, 32),
(543, 738),
(664, 461),
(178, 234),
(556, 890),
(661, 426),
(674, 175),
(284, 259),
(457, 630),
(718, 814),
(254, 57),
(455, 563),
(580, 631),
(447, 317),
(518, 186),
(648, 615),
(345, 488),
(101, 84),
(476, 822),
(176, 922),
(107, 757),
(85, 411),
(468, 84),
(41, 564),
(740, 750),
(602, 525),
(660, 855),
(280, 570),
(178, 388),
(220, 668),
(455, 459),
(735, 343),
(226, 381),
(620, 692),
(242, 193),
(428, 253),
(180, 544),
(749, 441),
(169, 16),
(36, 575),
(341, 549),
(195, 242),
(622, 555),
(8, 314),
(10, 242),
(71, 769),
(670, 672),
(340, 549),
(607, 439),
(157, 808),
(139, 14),
(78, 263),
(141, 822),
(367, 595),
(654, 423),
(118, 89),
(502, 392),
(246, 328),
(571, 794),
(393, 643),
(460, 721),
(202, 141),
(261, 873),
(654, 562),
(124, 350),
(710, 161),
(83, 59),
(664, 810),
(473, 659),
(531, 369),
(178, 559),
(714, 416),
(532, 550),
(112, 335),
(214, 542),
(59, 872),
(316, 162),
(273, 197),
(224, 307),
(82, 343),
(457, 742),
(650, 210),
(56, 841),
(30, 878),
(460, 309),
(289, 625),
(392, 213),
(266, 433),
(719, 58),
(515, 60),
(63, 612),
(114, 541),
(694, 829),
(637, 265),
(579, 766),
(596, 456),
(44, 144),
(187, 650),
(451, 454),
(135, 69),
(436, 649),
(489, 137),
(14, 729),
(418, 383),
(675, 338),
(334, 23),
(409, 3),
(591, 482),
(698, 839),
(17, 205),
(633, 524),
(195, 67),
(510, 610),
(90, 84),
(381, 669),
(592, 595),
(8, 278),
(448, 877),
(568, 122),
(528, 855),
(465, 213),
(137, 196),
(667, 80),
(466, 758),
(260, 179);
